index,country,year,sex,age,suicides_no,population,suicides_100k,gdp_yearly,gdp_capita,generation
4916,Canada,1985,male,75+ years,111,390200,28.45,"364,756,499,451",15522,G.I. Generation
4917,Canada,1985,male,55-74 years,502,1841000,27.27,"364,756,499,451",15522,G.I. Generation
4918,Canada,1985,male,25-34 years,605,2240500,27.0,"364,756,499,451",15522,Boomers
4919,Canada,1985,male,35-54 years,774,3046800,25.4,"364,756,499,451",15522,Silent
4920,Canada,1985,male,15-24 years,560,2224600,25.17,"364,756,499,451",15522,Generation X
4921,Canada,1985,female,35-54 years,255,3025600,8.43,"364,756,499,451",15522,Silent
4922,Canada,1985,female,55-74 years,166,2092200,7.93,"364,756,499,451",15522,G.I. Generation
4923,Canada,1985,female,25-34 years,148,2257500,6.56,"364,756,499,451",15522,Boomers
4924,Canada,1985,female,75+ years,34,642900,5.29,"364,756,499,451",15522,G.I. Generation
4925,Canada,1985,female,15-24 years,85,2143200,3.97,"364,756,499,451",15522,Generation X
4926,Canada,1985,male,5-14 years,13,1844400,0.7,"364,756,499,451",15522,Generation X
4927,Canada,1985,female,5-14 years,5,1751000,0.29,"364,756,499,451",15522,Generation X
4928,Canada,1986,male,75+ years,143,394400,36.26,"377,437,927,312",16062,G.I. Generation
4929,Canada,1986,male,25-34 years,719,2248800,31.97,"377,437,927,312",16062,Boomers
4930,Canada,1986,male,35-54 years,878,3098100,28.34,"377,437,927,312",16062,Silent
4931,Canada,1986,male,55-74 years,520,1862900,27.91,"377,437,927,312",16062,G.I. Generation
4932,Canada,1986,male,15-24 years,570,2116700,26.93,"377,437,927,312",16062,Generation X
4933,Canada,1986,female,35-54 years,307,3087900,9.94,"377,437,927,312",16062,Silent
4934,Canada,1986,female,55-74 years,191,2115500,9.03,"377,437,927,312",16062,G.I. Generation
4935,Canada,1986,female,25-34 years,172,2278400,7.55,"377,437,927,312",16062,Boomers
4936,Canada,1986,female,75+ years,36,653100,5.51,"377,437,927,312",16062,G.I. Generation
4937,Canada,1986,female,15-24 years,109,2061500,5.29,"377,437,927,312",16062,Generation X
4938,Canada,1986,male,5-14 years,20,1836900,1.09,"377,437,927,312",16062,Generation X
4939,Canada,1986,female,5-14 years,5,1744900,0.29,"377,437,927,312",16062,Generation X
4940,Canada,1987,male,25-34 years,709,2290800,30.95,"431,316,742,081",18124,Boomers
4941,Canada,1987,male,75+ years,117,408700,28.63,"431,316,742,081",18124,G.I. Generation
4942,Canada,1987,male,55-74 years,535,1896900,28.2,"431,316,742,081",18124,G.I. Generation
4943,Canada,1987,male,35-54 years,874,3179200,27.49,"431,316,742,081",18124,Silent
4944,Canada,1987,male,15-24 years,532,2085000,25.52,"431,316,742,081",18124,Generation X
4945,Canada,1987,female,35-54 years,298,3176700,9.38,"431,316,742,081",18124,Silent
4946,Canada,1987,female,55-74 years,171,2148300,7.96,"431,316,742,081",18124,G.I. Generation
4947,Canada,1987,female,25-34 years,178,2317300,7.68,"431,316,742,081",18124,Boomers
4948,Canada,1987,female,75+ years,47,679400,6.92,"431,316,742,081",18124,G.I. Generation
4949,Canada,1987,female,15-24 years,100,2019400,4.95,"431,316,742,081",18124,Generation X
4950,Canada,1987,male,5-14 years,25,1843600,1.36,"431,316,742,081",18124,Generation X
4951,Canada,1987,female,5-14 years,5,1752800,0.29,"431,316,742,081",18124,Generation X
4952,Canada,1988,male,75+ years,130,424900,30.6,"507,354,351,182",21069,G.I. Generation
4953,Canada,1988,male,25-34 years,679,2326400,29.19,"507,354,351,182",21069,Boomers
4954,Canada,1988,male,55-74 years,525,1924900,27.27,"507,354,351,182",21069,G.I. Generation
4955,Canada,1988,male,15-24 years,549,2041900,26.89,"507,354,351,182",21069,Generation X
4956,Canada,1988,male,35-54 years,827,3266900,25.31,"507,354,351,182",21069,Silent
4957,Canada,1988,female,35-54 years,322,3274100,9.83,"507,354,351,182",21069,Silent
4958,Canada,1988,female,25-34 years,168,2350300,7.15,"507,354,351,182",21069,Boomers
4959,Canada,1988,female,55-74 years,142,2175900,6.53,"507,354,351,182",21069,G.I. Generation
4960,Canada,1988,female,75+ years,44,708300,6.21,"507,354,351,182",21069,G.I. Generation
4961,Canada,1988,female,15-24 years,96,1968700,4.88,"507,354,351,182",21069,Generation X
4962,Canada,1988,male,5-14 years,24,1854500,1.29,"507,354,351,182",21069,Generation X
4963,Canada,1988,female,5-14 years,4,1763800,0.23,"507,354,351,182",21069,Generation X
4964,Canada,1989,male,75+ years,131,444600,29.46,"565,055,743,243",23188,G.I. Generation
4965,Canada,1989,male,25-34 years,666,2352400,28.31,"565,055,743,243",23188,Boomers
4966,Canada,1989,male,15-24 years,528,1997200,26.44,"565,055,743,243",23188,Generation X
4967,Canada,1989,male,55-74 years,501,1946000,25.75,"565,055,743,243",23188,G.I. Generation
4968,Canada,1989,male,35-54 years,850,3366100,25.25,"565,055,743,243",23188,Silent
4969,Canada,1989,female,35-54 years,322,3384300,9.51,"565,055,743,243",23188,Silent
4970,Canada,1989,female,55-74 years,163,2195700,7.42,"565,055,743,243",23188,G.I. Generation
4971,Canada,1989,female,25-34 years,174,2371500,7.34,"565,055,743,243",23188,Boomers
4972,Canada,1989,female,75+ years,40,741000,5.4,"565,055,743,243",23188,G.I. Generation
4973,Canada,1989,female,15-24 years,91,1919500,4.74,"565,055,743,243",23188,Generation X
4974,Canada,1989,male,5-14 years,19,1870700,1.02,"565,055,743,243",23188,Generation X
4975,Canada,1989,female,5-14 years,6,1779400,0.34,"565,055,743,243",23188,Generation X
4976,Canada,1990,male,75+ years,149,459600,32.42,"593,929,550,908",24041,G.I. Generation
4977,Canada,1990,male,25-34 years,703,2372600,29.63,"593,929,550,908",24041,Boomers
4978,Canada,1990,male,35-54 years,884,3483200,25.38,"593,929,550,908",24041,Silent
4979,Canada,1990,male,15-24 years,484,1970600,24.56,"593,929,550,908",24041,Generation X
4980,Canada,1990,male,55-74 years,430,1969600,21.83,"593,929,550,908",24041,G.I. Generation
4981,Canada,1990,female,35-54 years,293,3506700,8.36,"593,929,550,908",24041,Silent
4982,Canada,1990,female,25-34 years,154,2388600,6.45,"593,929,550,908",24041,Boomers
4983,Canada,1990,female,55-74 years,125,2216700,5.64,"593,929,550,908",24041,G.I. Generation
4984,Canada,1990,female,15-24 years,94,1888000,4.98,"593,929,550,908",24041,Generation X
4985,Canada,1990,female,75+ years,32,768500,4.16,"593,929,550,908",24041,G.I. Generation
4986,Canada,1990,male,5-14 years,23,1882100,1.22,"593,929,550,908",24041,Generation X
4987,Canada,1990,female,5-14 years,7,1798200,0.39,"593,929,550,908",24041,Generation X
4988,Canada,1991,male,25-34 years,713,2420300,29.46,"610,328,183,643",24038,Boomers
4989,Canada,1991,male,75+ years,139,478900,29.02,"610,328,183,643",24038,G.I. Generation
4990,Canada,1991,male,15-24 years,539,1943600,27.73,"610,328,183,643",24038,Generation X
4991,Canada,1991,male,35-54 years,974,3663400,26.59,"610,328,183,643",24038,Boomers
4992,Canada,1991,male,55-74 years,490,2031500,24.12,"610,328,183,643",24038,Silent
4993,Canada,1991,female,35-54 years,271,3674300,7.38,"610,328,183,643",24038,Boomers
4994,Canada,1991,female,25-34 years,177,2446400,7.24,"610,328,183,643",24038,Boomers
4995,Canada,1991,female,55-74 years,154,2263200,6.8,"610,328,183,643",24038,Silent
4996,Canada,1991,female,15-24 years,76,1886900,4.03,"610,328,183,643",24038,Generation X
4997,Canada,1991,female,75+ years,31,795900,3.89,"610,328,183,643",24038,G.I. Generation
4998,Canada,1991,male,5-14 years,20,1941100,1.03,"610,328,183,643",24038,Millenials
4999,Canada,1991,female,5-14 years,9,1844900,0.49,"610,328,183,643",24038,Millenials
5000,Canada,1992,male,25-34 years,739,2561600,28.85,"592,387,689,253",22393,Boomers
5001,Canada,1992,male,75+ years,136,499900,27.21,"592,387,689,253",22393,G.I. Generation
5002,Canada,1992,male,35-54 years,1020,3889500,26.22,"592,387,689,253",22393,Boomers
5003,Canada,1992,male,15-24 years,504,2042300,24.68,"592,387,689,253",22393,Generation X
5004,Canada,1992,male,55-74 years,497,2087600,23.81,"592,387,689,253",22393,Silent
5005,Canada,1992,female,35-54 years,323,3857500,8.37,"592,387,689,253",22393,Boomers
5006,Canada,1992,female,55-74 years,146,2313800,6.31,"592,387,689,253",22393,Silent
5007,Canada,1992,female,25-34 years,155,2499900,6.2,"592,387,689,253",22393,Boomers
5008,Canada,1992,female,15-24 years,119,1969200,6.04,"592,387,689,253",22393,Generation X
5009,Canada,1992,female,75+ years,35,834600,4.19,"592,387,689,253",22393,G.I. Generation
5010,Canada,1992,male,5-14 years,26,1995400,1.3,"592,387,689,253",22393,Millenials
5011,Canada,1992,female,5-14 years,8,1903100,0.42,"592,387,689,253",22393,Millenials
5012,Canada,1993,male,35-54 years,1141,4049700,28.17,"577,170,761,956",21421,Boomers
5013,Canada,1993,male,25-34 years,721,2568700,28.07,"577,170,761,956",21421,Boomers
5014,Canada,1993,male,75+ years,138,513400,26.88,"577,170,761,956",21421,G.I. Generation
5015,Canada,1993,male,15-24 years,488,2054700,23.75,"577,170,761,956",21421,Generation X
5016,Canada,1993,male,55-74 years,499,2127800,23.45,"577,170,761,956",21421,Silent
5017,Canada,1993,female,35-54 years,331,4013200,8.25,"577,170,761,956",21421,Boomers
5018,Canada,1993,female,75+ years,55,858000,6.41,"577,170,761,956",21421,G.I. Generation
5019,Canada,1993,female,55-74 years,146,2348500,6.22,"577,170,761,956",21421,Silent
5020,Canada,1993,female,25-34 years,146,2501800,5.84,"577,170,761,956",21421,Boomers
5021,Canada,1993,female,15-24 years,93,1978900,4.7,"577,170,761,956",21421,Generation X
5022,Canada,1993,male,5-14 years,27,2009100,1.34,"577,170,761,956",21421,Millenials
5023,Canada,1993,female,5-14 years,18,1920900,0.94,"577,170,761,956",21421,Millenials
5024,Canada,1994,male,75+ years,160,527500,30.33,"578,139,279,438",21219,G.I. Generation
5025,Canada,1994,male,35-54 years,1150,4177400,27.53,"578,139,279,438",21219,Boomers
5026,Canada,1994,male,25-34 years,636,2523000,25.21,"578,139,279,438",21219,Boomers
5027,Canada,1994,male,15-24 years,506,2048800,24.7,"578,139,279,438",21219,Generation X
5028,Canada,1994,male,55-74 years,479,2164400,22.13,"578,139,279,438",21219,Silent
5029,Canada,1994,female,35-54 years,339,4145800,8.18,"578,139,279,438",21219,Boomers
5030,Canada,1994,female,55-74 years,152,2380300,6.39,"578,139,279,438",21219,Silent
5031,Canada,1994,female,25-34 years,135,2460500,5.49,"578,139,279,438",21219,Boomers
5032,Canada,1994,female,15-24 years,105,1972200,5.32,"578,139,279,438",21219,Generation X
5033,Canada,1994,female,75+ years,37,884500,4.18,"578,139,279,438",21219,G.I. Generation
5034,Canada,1994,male,5-14 years,37,2024800,1.83,"578,139,279,438",21219,Millenials
5035,Canada,1994,female,5-14 years,12,1936800,0.62,"578,139,279,438",21219,Millenials
5036,Canada,1995,male,25-34 years,744,2489100,29.89,"604,031,623,433",21871,Generation X
5037,Canada,1995,male,35-54 years,1264,4316200,29.29,"604,031,623,433",21871,Boomers
5038,Canada,1995,male,75+ years,146,549900,26.55,"604,031,623,433",21871,G.I. Generation
5039,Canada,1995,male,15-24 years,507,2051200,24.72,"604,031,623,433",21871,Generation X
5040,Canada,1995,male,55-74 years,473,2193400,21.56,"604,031,623,433",21871,Silent
5041,Canada,1995,female,35-54 years,363,4287400,8.47,"604,031,623,433",21871,Boomers
5042,Canada,1995,female,55-74 years,157,2403700,6.53,"604,031,623,433",21871,Silent
5043,Canada,1995,female,25-34 years,141,2431800,5.8,"604,031,623,433",21871,Generation X
5044,Canada,1995,female,15-24 years,96,1972700,4.87,"604,031,623,433",21871,Generation X
5045,Canada,1995,female,75+ years,34,921200,3.69,"604,031,623,433",21871,G.I. Generation
5046,Canada,1995,male,5-14 years,22,2045200,1.08,"604,031,623,433",21871,Millenials
5047,Canada,1995,female,5-14 years,21,1956700,1.07,"604,031,623,433",21871,Millenials
5048,Canada,1996,male,75+ years,162,555800,29.15,"628,546,387,972",22686,G.I. Generation
5049,Canada,1996,male,35-54 years,1273,4393100,28.98,"628,546,387,972",22686,Boomers
5050,Canada,1996,male,25-34 years,630,2399900,26.25,"628,546,387,972",22686,Generation X
5051,Canada,1996,male,15-24 years,490,2058900,23.8,"628,546,387,972",22686,Generation X
5052,Canada,1996,male,55-74 years,506,2212300,22.87,"628,546,387,972",22686,Silent
5053,Canada,1996,female,35-54 years,434,4396400,9.87,"628,546,387,972",22686,Boomers
5054,Canada,1996,female,55-74 years,144,2417100,5.96,"628,546,387,972",22686,Silent
5055,Canada,1996,female,25-34 years,137,2346000,5.84,"628,546,387,972",22686,Generation X
5056,Canada,1996,female,15-24 years,91,1964700,4.63,"628,546,387,972",22686,Generation X
5057,Canada,1996,female,75+ years,33,935900,3.53,"628,546,387,972",22686,G.I. Generation
5058,Canada,1996,male,5-14 years,32,2064700,1.55,"628,546,387,972",22686,Millenials
5059,Canada,1996,female,5-14 years,9,1961800,0.46,"628,546,387,972",22686,Millenials
5060,Canada,1997,male,35-54 years,1230,4525200,27.18,"652,825,364,726",23245,Boomers
5061,Canada,1997,male,75+ years,156,578100,26.98,"652,825,364,726",23245,G.I. Generation
5062,Canada,1997,male,25-34 years,535,2359600,22.67,"652,825,364,726",23245,Generation X
5063,Canada,1997,male,15-24 years,464,2076000,22.35,"652,825,364,726",23245,Generation X
5064,Canada,1997,male,55-74 years,490,2249500,21.78,"652,825,364,726",23245,Silent
5065,Canada,1997,female,35-54 years,356,4525500,7.87,"652,825,364,726",23245,Boomers
5066,Canada,1997,female,25-34 years,136,2308000,5.89,"652,825,364,726",23245,Generation X
5067,Canada,1997,female,55-74 years,131,2446100,5.36,"652,825,364,726",23245,Silent
5068,Canada,1997,female,15-24 years,90,1980900,4.54,"652,825,364,726",23245,Generation X
5069,Canada,1997,female,75+ years,42,970900,4.33,"652,825,364,726",23245,G.I. Generation
5070,Canada,1997,male,5-14 years,39,2084500,1.87,"652,825,364,726",23245,Millenials
5071,Canada,1997,female,5-14 years,12,1980800,0.61,"652,825,364,726",23245,Millenials
5072,Canada,1998,male,35-54 years,1226,4637556,26.44,"631,813,279,407",22268,Boomers
5073,Canada,1998,male,25-34 years,568,2301724,24.68,"631,813,279,407",22268,Generation X
5074,Canada,1998,male,75+ years,147,599107,24.54,"631,813,279,407",22268,G.I. Generation
5075,Canada,1998,male,15-24 years,457,2090656,21.86,"631,813,279,407",22268,Generation X
5076,Canada,1998,male,55-74 years,497,2294107,21.66,"631,813,279,407",22268,Silent
5077,Canada,1998,female,35-54 years,341,4634299,7.36,"631,813,279,407",22268,Boomers
5078,Canada,1998,female,25-34 years,133,2251763,5.91,"631,813,279,407",22268,Generation X
5079,Canada,1998,female,15-24 years,105,1993396,5.27,"631,813,279,407",22268,Generation X
5080,Canada,1998,female,55-74 years,129,2483325,5.19,"631,813,279,407",22268,Silent
5081,Canada,1998,female,75+ years,50,1003373,4.98,"631,813,279,407",22268,G.I. Generation
5082,Canada,1998,male,5-14 years,30,2094080,1.43,"631,813,279,407",22268,Millenials
5083,Canada,1998,female,5-14 years,16,1989150,0.8,"631,813,279,407",22268,Millenials
5084,Canada,1999,male,35-54 years,1442,4743615,30.4,"676,082,654,641",23572,Boomers
5085,Canada,1999,male,25-34 years,614,2254396,27.24,"676,082,654,641",23572,Generation X
5086,Canada,1999,male,75+ years,155,620972,24.96,"676,082,654,641",23572,G.I. Generation
5087,Canada,1999,male,55-74 years,520,2341132,22.21,"676,082,654,641",23572,Silent
5088,Canada,1999,male,15-24 years,468,2112560,22.15,"676,082,654,641",23572,Generation X
5089,Canada,1999,female,35-54 years,435,4736367,9.18,"676,082,654,641",23572,Boomers
5090,Canada,1999,female,55-74 years,147,2523439,5.83,"676,082,654,641",23572,Silent
5091,Canada,1999,female,25-34 years,118,2206484,5.35,"676,082,654,641",23572,Generation X
5092,Canada,1999,female,75+ years,53,1037189,5.11,"676,082,654,641",23572,G.I. Generation
5093,Canada,1999,female,15-24 years,90,2014044,4.47,"676,082,654,641",23572,Generation X
5094,Canada,1999,male,5-14 years,25,2098556,1.19,"676,082,654,641",23572,Millenials
5095,Canada,1999,female,5-14 years,7,1992889,0.35,"676,082,654,641",23572,Millenials
5096,Canada,2000,male,35-54 years,1254,4840239,25.91,"742,293,448,253",25589,Boomers
5097,Canada,2000,male,75+ years,146,644375,22.66,"742,293,448,253",25589,G.I. Generation
5098,Canada,2000,male,25-34 years,484,2226742,21.74,"742,293,448,253",25589,Generation X
5099,Canada,2000,male,15-24 years,430,2131117,20.18,"742,293,448,253",25589,Generation X
5100,Canada,2000,male,55-74 years,455,2390741,19.03,"742,293,448,253",25589,Silent
5101,Canada,2000,female,35-54 years,393,4830067,8.14,"742,293,448,253",25589,Boomers
5102,Canada,2000,female,15-24 years,112,2030972,5.51,"742,293,448,253",25589,Generation X
5103,Canada,2000,female,25-34 years,119,2177984,5.46,"742,293,448,253",25589,Generation X
5104,Canada,2000,female,55-74 years,137,2567097,5.34,"742,293,448,253",25589,Silent
5105,Canada,2000,female,75+ years,30,1071636,2.8,"742,293,448,253",25589,G.I. Generation
5106,Canada,2000,male,5-14 years,29,2101448,1.38,"742,293,448,253",25589,Millenials
5107,Canada,2000,female,5-14 years,17,1996147,0.85,"742,293,448,253",25589,Millenials
5108,Canada,2001,male,35-54 years,1347,4892041,27.53,"736,379,777,893",25165,Boomers
5109,Canada,2001,male,25-34 years,500,2182409,22.91,"736,379,777,893",25165,Generation X
5110,Canada,2001,male,75+ years,131,665842,19.67,"736,379,777,893",25165,Silent
5111,Canada,2001,male,55-74 years,481,2458947,19.56,"736,379,777,893",25165,Silent
5112,Canada,2001,male,15-24 years,398,2168038,18.36,"736,379,777,893",25165,Millenials
5113,Canada,2001,female,35-54 years,392,4894497,8.01,"736,379,777,893",25165,Boomers
5114,Canada,2001,female,55-74 years,161,2618587,6.15,"736,379,777,893",25165,Silent
5115,Canada,2001,female,25-34 years,114,2130957,5.35,"736,379,777,893",25165,Generation X
5116,Canada,2001,female,15-24 years,105,2059190,5.1,"736,379,777,893",25165,Millenials
5117,Canada,2001,female,75+ years,38,1096205,3.47,"736,379,777,893",25165,Silent
5118,Canada,2001,male,5-14 years,14,2096912,0.67,"736,379,777,893",25165,Millenials
5119,Canada,2001,female,5-14 years,13,1998430,0.65,"736,379,777,893",25165,Millenials
5120,Canada,2002,male,35-54 years,1292,4926984,26.22,"757,950,678,647",25570,Boomers
5121,Canada,2002,male,75+ years,164,691551,23.71,"757,950,678,647",25570,Silent
5122,Canada,2002,male,25-34 years,466,2194450,21.24,"757,950,678,647",25570,Generation X
5123,Canada,2002,male,55-74 years,527,2550479,20.66,"757,950,678,647",25570,Silent
5124,Canada,2002,male,15-24 years,384,2192632,17.51,"757,950,678,647",25570,Millenials
5125,Canada,2002,female,35-54 years,370,4929966,7.51,"757,950,678,647",25570,Boomers
5126,Canada,2002,female,25-34 years,124,2142391,5.79,"757,950,678,647",25570,Generation X
5127,Canada,2002,female,55-74 years,150,2707035,5.54,"757,950,678,647",25570,Silent
5128,Canada,2002,female,15-24 years,108,2084984,5.18,"757,950,678,647",25570,Millenials
5129,Canada,2002,female,75+ years,30,1126677,2.66,"757,950,678,647",25570,Silent
5130,Canada,2002,male,5-14 years,18,2097593,0.86,"757,950,678,647",25570,Millenials
5131,Canada,2002,female,5-14 years,17,1997372,0.85,"757,950,678,647",25570,Millenials
5132,Canada,2003,male,35-54 years,1317,4950960,26.6,"892,380,986,368",29787,Boomers
5133,Canada,2003,male,55-74 years,581,2636917,22.03,"892,380,986,368",29787,Silent
5134,Canada,2003,male,75+ years,151,718916,21.0,"892,380,986,368",29787,Silent
5135,Canada,2003,male,25-34 years,426,2205120,19.32,"892,380,986,368",29787,Generation X
5136,Canada,2003,male,15-24 years,409,2211023,18.5,"892,380,986,368",29787,Millenials
5137,Canada,2003,female,35-54 years,438,4956221,8.84,"892,380,986,368",29787,Boomers
5138,Canada,2003,female,15-24 years,113,2103731,5.37,"892,380,986,368",29787,Millenials
5139,Canada,2003,female,25-34 years,114,2151969,5.3,"892,380,986,368",29787,Generation X
5140,Canada,2003,female,55-74 years,145,2792599,5.19,"892,380,986,368",29787,Silent
5141,Canada,2003,female,75+ years,44,1156073,3.81,"892,380,986,368",29787,Silent
5142,Canada,2003,male,5-14 years,19,2087408,0.91,"892,380,986,368",29787,Millenials
5143,Canada,2003,female,5-14 years,8,1987896,0.4,"892,380,986,368",29787,Millenials
5144,Canada,2004,male,35-54 years,1210,4982932,24.28,"1,023,196,003,075",33787,Boomers
5145,Canada,2004,male,25-34 years,477,2220407,21.48,"1,023,196,003,075",33787,Generation X
5146,Canada,2004,male,75+ years,154,744741,20.68,"1,023,196,003,075",33787,Silent
5147,Canada,2004,male,55-74 years,497,2721795,18.26,"1,023,196,003,075",33787,Silent
5148,Canada,2004,male,15-24 years,379,2230355,16.99,"1,023,196,003,075",33787,Millenials
5149,Canada,2004,female,35-54 years,428,4986017,8.58,"1,023,196,003,075",33787,Boomers
5150,Canada,2004,female,55-74 years,181,2879432,6.29,"1,023,196,003,075",33787,Silent
5151,Canada,2004,female,25-34 years,114,2169563,5.25,"1,023,196,003,075",33787,Generation X
5152,Canada,2004,female,15-24 years,101,2124167,4.75,"1,023,196,003,075",33787,Millenials
5153,Canada,2004,female,75+ years,44,1183549,3.72,"1,023,196,003,075",33787,Silent
5154,Canada,2004,male,5-14 years,17,2069874,0.82,"1,023,196,003,075",33787,Millenials
5155,Canada,2004,female,5-14 years,11,1971134,0.56,"1,023,196,003,075",33787,Millenials
5156,Canada,2005,male,35-54 years,1341,5018957,26.72,"1,169,357,979,865",38218,Boomers
5157,Canada,2005,male,75+ years,165,772032,21.37,"1,169,357,979,865",38218,Silent
5158,Canada,2005,male,55-74 years,539,2802901,19.23,"1,169,357,979,865",38218,Silent
5159,Canada,2005,male,25-34 years,415,2236320,18.56,"1,169,357,979,865",38218,Generation X
5160,Canada,2005,male,15-24 years,378,2249377,16.8,"1,169,357,979,865",38218,Millenials
5161,Canada,2005,female,35-54 years,418,5018764,8.33,"1,169,357,979,865",38218,Boomers
5162,Canada,2005,female,15-24 years,131,2144094,6.11,"1,169,357,979,865",38218,Millenials
5163,Canada,2005,female,55-74 years,158,2961910,5.33,"1,169,357,979,865",38218,Silent
5164,Canada,2005,female,75+ years,58,1211769,4.79,"1,169,357,979,865",38218,Silent
5165,Canada,2005,female,25-34 years,96,2188897,4.39,"1,169,357,979,865",38218,Generation X
5166,Canada,2005,female,5-14 years,25,1947297,1.28,"1,169,357,979,865",38218,Millenials
5167,Canada,2005,male,5-14 years,19,2044772,0.93,"1,169,357,979,865",38218,Millenials
5168,Canada,2006,male,35-54 years,1202,5050497,23.8,"1,315,415,197,461",42566,Boomers
5169,Canada,2006,male,75+ years,188,806380,23.31,"1,315,415,197,461",42566,Silent
5170,Canada,2006,male,55-74 years,599,2910932,20.58,"1,315,415,197,461",42566,Silent
5171,Canada,2006,male,25-34 years,362,2220384,16.3,"1,315,415,197,461",42566,Generation X
5172,Canada,2006,male,15-24 years,331,2288073,14.47,"1,315,415,197,461",42566,Millenials
5173,Canada,2006,female,35-54 years,362,5021174,7.21,"1,315,415,197,461",42566,Boomers
5174,Canada,2006,female,55-74 years,187,3071300,6.09,"1,315,415,197,461",42566,Silent
5175,Canada,2006,female,25-34 years,118,2177957,5.42,"1,315,415,197,461",42566,Generation X
5176,Canada,2006,female,15-24 years,86,2179623,3.95,"1,315,415,197,461",42566,Millenials
5177,Canada,2006,female,75+ years,46,1241475,3.71,"1,315,415,197,461",42566,Silent
5178,Canada,2006,female,5-14 years,18,1920311,0.94,"1,315,415,197,461",42566,Millenials
5179,Canada,2006,male,5-14 years,13,2014856,0.65,"1,315,415,197,461",42566,Millenials
5180,Canada,2007,male,35-54 years,1224,5064536,24.17,"1,464,977,190,206",46890,Boomers
5181,Canada,2007,male,75+ years,183,837259,21.86,"1,464,977,190,206",46890,Silent
5182,Canada,2007,male,25-34 years,404,2250433,17.95,"1,464,977,190,206",46890,Generation X
5183,Canada,2007,male,55-74 years,539,3006062,17.93,"1,464,977,190,206",46890,Silent
5184,Canada,2007,male,15-24 years,359,2318148,15.49,"1,464,977,190,206",46890,Millenials
5185,Canada,2007,female,35-54 years,400,5030803,7.95,"1,464,977,190,206",46890,Boomers
5186,Canada,2007,female,55-74 years,188,3170541,5.93,"1,464,977,190,206",46890,Silent
5187,Canada,2007,female,15-24 years,116,2206555,5.26,"1,464,977,190,206",46890,Millenials
5188,Canada,2007,female,25-34 years,113,2212210,5.11,"1,464,977,190,206",46890,Generation X
5189,Canada,2007,female,75+ years,52,1269438,4.1,"1,464,977,190,206",46890,Silent
5190,Canada,2007,male,5-14 years,18,1986129,0.91,"1,464,977,190,206",46890,Generation Z
5191,Canada,2007,female,5-14 years,15,1890517,0.79,"1,464,977,190,206",46890,Generation Z
5192,Canada,2008,male,35-54 years,1241,5076969,24.44,"1,549,131,208,997",49041,Boomers
5193,Canada,2008,male,75+ years,192,866435,22.16,"1,549,131,208,997",49041,Silent
5194,Canada,2008,male,55-74 years,589,3107189,18.96,"1,549,131,208,997",49041,Silent
5195,Canada,2008,male,25-34 years,395,2286010,17.28,"1,549,131,208,997",49041,Generation X
5196,Canada,2008,male,15-24 years,344,2341539,14.69,"1,549,131,208,997",49041,Millenials
5197,Canada,2008,female,35-54 years,413,5038500,8.2,"1,549,131,208,997",49041,Boomers
5198,Canada,2008,female,55-74 years,231,3276332,7.05,"1,549,131,208,997",49041,Silent
5199,Canada,2008,female,15-24 years,119,2227003,5.34,"1,549,131,208,997",49041,Millenials
5200,Canada,2008,female,25-34 years,118,2251723,5.24,"1,549,131,208,997",49041,Generation X
5201,Canada,2008,female,75+ years,38,1296269,2.93,"1,549,131,208,997",49041,Silent
5202,Canada,2008,male,5-14 years,16,1959155,0.82,"1,549,131,208,997",49041,Generation Z
5203,Canada,2008,female,5-14 years,9,1861517,0.48,"1,549,131,208,997",49041,Generation Z
5204,Canada,2009,male,35-54 years,1328,5085328,26.11,"1,371,153,004,986",42933,Boomers
5205,Canada,2009,male,55-74 years,680,3216246,21.14,"1,371,153,004,986",42933,Silent
5206,Canada,2009,male,75+ years,182,893202,20.38,"1,371,153,004,986",42933,Silent
5207,Canada,2009,male,25-34 years,437,2325144,18.79,"1,371,153,004,986",42933,Generation X
5208,Canada,2009,male,15-24 years,349,2355316,14.82,"1,371,153,004,986",42933,Millenials
5209,Canada,2009,female,35-54 years,402,5043261,7.97,"1,371,153,004,986",42933,Boomers
5210,Canada,2009,female,15-24 years,130,2238546,5.81,"1,371,153,004,986",42933,Millenials
5211,Canada,2009,female,55-74 years,192,3389717,5.66,"1,371,153,004,986",42933,Silent
5212,Canada,2009,female,25-34 years,119,2293665,5.19,"1,371,153,004,986",42933,Generation X
5213,Canada,2009,female,75+ years,46,1322098,3.48,"1,371,153,004,986",42933,Silent
5214,Canada,2009,male,5-14 years,13,1937420,0.67,"1,371,153,004,986",42933,Generation Z
5215,Canada,2009,female,5-14 years,12,1837414,0.65,"1,371,153,004,986",42933,Generation Z
5216,Canada,2010,male,35-54 years,1292,5088099,25.39,"1,613,464,422,811",49974,Generation X
5217,Canada,2010,male,75+ years,200,917671,21.79,"1,613,464,422,811",49974,Silent
5218,Canada,2010,male,55-74 years,690,3333897,20.7,"1,613,464,422,811",49974,Silent
5219,Canada,2010,male,25-34 years,409,2366854,17.28,"1,613,464,422,811",49974,Generation X
5220,Canada,2010,male,15-24 years,371,2357806,15.73,"1,613,464,422,811",49974,Millenials
5221,Canada,2010,female,35-54 years,402,5044926,7.97,"1,613,464,422,811",49974,Generation X
5222,Canada,2010,female,55-74 years,237,3510692,6.75,"1,613,464,422,811",49974,Silent
5223,Canada,2010,female,25-34 years,154,2335884,6.59,"1,613,464,422,811",49974,Generation X
5224,Canada,2010,female,15-24 years,115,2239759,5.13,"1,613,464,422,811",49974,Millenials
5225,Canada,2010,female,75+ years,49,1347679,3.64,"1,613,464,422,811",49974,Silent
5226,Canada,2010,male,5-14 years,19,1922599,0.99,"1,613,464,422,811",49974,Generation Z
5227,Canada,2010,female,5-14 years,13,1820274,0.71,"1,613,464,422,811",49974,Generation Z
5228,Canada,2011,male,35-54 years,1127,5074280,22.21,"1,788,647,906,048",54841,Generation X
5229,Canada,2011,male,55-74 years,683,3455517,19.77,"1,788,647,906,048",54841,Boomers
5230,Canada,2011,male,75+ years,184,943428,19.5,"1,788,647,906,048",54841,Silent
5231,Canada,2011,male,25-34 years,410,2400784,17.08,"1,788,647,906,048",54841,Millenials
5232,Canada,2011,male,15-24 years,364,2356694,15.45,"1,788,647,906,048",54841,Millenials
5233,Canada,2011,female,35-54 years,390,5032043,7.75,"1,788,647,906,048",54841,Generation X
5234,Canada,2011,female,15-24 years,135,2248192,6.0,"1,788,647,906,048",54841,Millenials
5235,Canada,2011,female,55-74 years,215,3629587,5.92,"1,788,647,906,048",54841,Boomers
5236,Canada,2011,female,25-34 years,134,2370185,5.65,"1,788,647,906,048",54841,Millenials
5237,Canada,2011,female,75+ years,55,1368680,4.02,"1,788,647,906,048",54841,Silent
5238,Canada,2011,female,5-14 years,18,1815461,0.99,"1,788,647,906,048",54841,Generation Z
5239,Canada,2011,male,5-14 years,13,1920567,0.68,"1,788,647,906,048",54841,Generation Z
5240,Canada,2012,male,35-54 years,1205,5056024,23.83,"1,824,288,757,448",55347,Generation X
5241,Canada,2012,male,55-74 years,770,3586361,21.47,"1,824,288,757,448",55347,Boomers
5242,Canada,2012,male,75+ years,180,967342,18.61,"1,824,288,757,448",55347,Silent
5243,Canada,2012,male,25-34 years,419,2431632,17.23,"1,824,288,757,448",55347,Millenials
5244,Canada,2012,male,15-24 years,381,2358461,16.15,"1,824,288,757,448",55347,Millenials
5245,Canada,2012,female,35-54 years,385,5018897,7.67,"1,824,288,757,448",55347,Generation X
5246,Canada,2012,female,55-74 years,241,3756013,6.42,"1,824,288,757,448",55347,Boomers
5247,Canada,2012,female,15-24 years,137,2255895,6.07,"1,824,288,757,448",55347,Millenials
5248,Canada,2012,female,25-34 years,129,2403433,5.37,"1,824,288,757,448",55347,Millenials
5249,Canada,2012,female,75+ years,45,1389078,3.24,"1,824,288,757,448",55347,Silent
5250,Canada,2012,female,5-14 years,17,1816079,0.94,"1,824,288,757,448",55347,Generation Z
5251,Canada,2012,male,5-14 years,17,1921981,0.88,"1,824,288,757,448",55347,Generation Z
5252,Canada,2013,male,35-54 years,1244,5032714,24.72,"1,842,628,005,830",55310,Generation X
5253,Canada,2013,male,75+ years,231,991048,23.31,"1,842,628,005,830",55310,Silent
5254,Canada,2013,male,55-74 years,812,3724622,21.8,"1,842,628,005,830",55310,Boomers
5255,Canada,2013,male,25-34 years,439,2456335,17.87,"1,842,628,005,830",55310,Millenials
5256,Canada,2013,male,15-24 years,300,2362807,12.7,"1,842,628,005,830",55310,Millenials
5257,Canada,2013,female,35-54 years,400,5003771,7.99,"1,842,628,005,830",55310,Generation X
5258,Canada,2013,female,55-74 years,255,3887315,6.56,"1,842,628,005,830",55310,Boomers
5259,Canada,2013,female,15-24 years,138,2261173,6.1,"1,842,628,005,830",55310,Millenials
5260,Canada,2013,female,25-34 years,135,2433660,5.55,"1,842,628,005,830",55310,Millenials
5261,Canada,2013,female,75+ years,65,1410630,4.61,"1,842,628,005,830",55310,Silent
5262,Canada,2013,female,5-14 years,20,1823010,1.1,"1,842,628,005,830",55310,Generation Z
5263,Canada,2013,male,5-14 years,15,1927751,0.78,"1,842,628,005,830",55310,Generation Z
16564,Mexico,1985,male,75+ years,44,432000,10.19,"184,472,557,415",2730,G.I. Generation
16565,Mexico,1985,male,55-74 years,145,2330000,6.22,"184,472,557,415",2730,G.I. Generation
16566,Mexico,1985,male,25-34 years,340,5679000,5.99,"184,472,557,415",2730,Boomers
16567,Mexico,1985,male,35-54 years,327,5836000,5.6,"184,472,557,415",2730,Silent
16568,Mexico,1985,male,15-24 years,375,8420000,4.45,"184,472,557,415",2730,Generation X
16569,Mexico,1985,female,15-24 years,107,8211000,1.3,"184,472,557,415",2730,Generation X
16570,Mexico,1985,female,75+ years,7,563000,1.24,"184,472,557,415",2730,G.I. Generation
16571,Mexico,1985,female,25-34 years,61,5661000,1.08,"184,472,557,415",2730,Boomers
16572,Mexico,1985,female,35-54 years,55,6100000,0.9,"184,472,557,415",2730,Silent
16573,Mexico,1985,female,55-74 years,15,2651000,0.57,"184,472,557,415",2730,G.I. Generation
16574,Mexico,1985,male,5-14 years,48,11029000,0.44,"184,472,557,415",2730,Generation X
16575,Mexico,1985,female,5-14 years,20,10654000,0.19,"184,472,557,415",2730,Generation X
16576,Mexico,1986,male,75+ years,70,442100,15.83,"129,440,993,789",1873,G.I. Generation
16577,Mexico,1986,male,55-74 years,176,2383900,7.38,"129,440,993,789",1873,G.I. Generation
16578,Mexico,1986,male,25-34 years,388,5809900,6.68,"129,440,993,789",1873,Boomers
16579,Mexico,1986,male,35-54 years,361,5971300,6.05,"129,440,993,789",1873,Silent
16580,Mexico,1986,male,15-24 years,408,8614300,4.74,"129,440,993,789",1873,Generation X
16581,Mexico,1986,female,15-24 years,117,8400500,1.39,"129,440,993,789",1873,Generation X
16582,Mexico,1986,female,25-34 years,70,5791500,1.21,"129,440,993,789",1873,Boomers
16583,Mexico,1986,female,35-54 years,51,6239700,0.82,"129,440,993,789",1873,Silent
16584,Mexico,1986,female,75+ years,4,576700,0.69,"129,440,993,789",1873,G.I. Generation
16585,Mexico,1986,female,55-74 years,12,2711700,0.44,"129,440,993,789",1873,G.I. Generation
16586,Mexico,1986,male,5-14 years,42,11282700,0.37,"129,440,993,789",1873,Generation X
16587,Mexico,1986,female,5-14 years,15,10899200,0.14,"129,440,993,789",1873,Generation X
16588,Mexico,1987,male,75+ years,54,456000,11.84,"140,263,387,027",2064,G.I. Generation
16589,Mexico,1987,male,25-34 years,382,5659000,6.75,"140,263,387,027",2064,Boomers
16590,Mexico,1987,male,55-74 years,161,2409000,6.68,"140,263,387,027",2064,G.I. Generation
16591,Mexico,1987,male,35-54 years,378,6187000,6.11,"140,263,387,027",2064,Silent
16592,Mexico,1987,male,15-24 years,405,8726000,4.64,"140,263,387,027",2064,Generation X
16593,Mexico,1987,female,15-24 years,113,8559000,1.32,"140,263,387,027",2064,Generation X
16594,Mexico,1987,female,25-34 years,64,5728000,1.12,"140,263,387,027",2064,Boomers
16595,Mexico,1987,female,35-54 years,68,6389000,1.06,"140,263,387,027",2064,Silent
16596,Mexico,1987,female,55-74 years,20,2727000,0.73,"140,263,387,027",2064,G.I. Generation
16597,Mexico,1987,female,75+ years,4,599100,0.67,"140,263,387,027",2064,G.I. Generation
16598,Mexico,1987,male,5-14 years,36,10423000,0.35,"140,263,387,027",2064,Generation X
16599,Mexico,1987,female,5-14 years,16,10086000,0.16,"140,263,387,027",2064,Generation X
16600,Mexico,1988,male,75+ years,60,467000,12.85,"183,144,164,357",2630,G.I. Generation
16601,Mexico,1988,male,55-74 years,185,2511000,7.37,"183,144,164,357",2630,G.I. Generation
16602,Mexico,1988,male,25-34 years,361,5878000,6.14,"183,144,164,357",2630,Boomers
16603,Mexico,1988,male,35-54 years,353,6379000,5.53,"183,144,164,357",2630,Silent
16604,Mexico,1988,male,15-24 years,418,9021000,4.63,"183,144,164,357",2630,Generation X
16605,Mexico,1988,female,15-24 years,118,8850000,1.33,"183,144,164,357",2630,Generation X
16606,Mexico,1988,female,75+ years,7,614000,1.14,"183,144,164,357",2630,G.I. Generation
16607,Mexico,1988,female,25-34 years,59,5953000,0.99,"183,144,164,357",2630,Boomers
16608,Mexico,1988,female,35-54 years,60,6590000,0.91,"183,144,164,357",2630,Silent
16609,Mexico,1988,female,55-74 years,21,2844000,0.74,"183,144,164,357",2630,G.I. Generation
16610,Mexico,1988,male,5-14 years,46,10438000,0.44,"183,144,164,357",2630,Generation X
16611,Mexico,1988,female,5-14 years,15,10101000,0.15,"183,144,164,357",2630,Generation X
16612,Mexico,1989,male,75+ years,83,476000,17.44,"222,977,046,516",3125,G.I. Generation
16613,Mexico,1989,male,55-74 years,212,2613000,8.11,"222,977,046,516",3125,G.I. Generation
16614,Mexico,1989,male,35-54 years,404,6586000,6.13,"222,977,046,516",3125,Silent
16615,Mexico,1989,male,25-34 years,369,6109000,6.04,"222,977,046,516",3125,Boomers
16616,Mexico,1989,male,15-24 years,472,9284000,5.08,"222,977,046,516",3125,Generation X
16617,Mexico,1989,female,35-54 years,79,6807000,1.16,"222,977,046,516",3125,Silent
16618,Mexico,1989,female,15-24 years,96,9111000,1.05,"222,977,046,516",3125,Generation X
16619,Mexico,1989,female,25-34 years,64,6186000,1.03,"222,977,046,516",3125,Boomers
16620,Mexico,1989,female,55-74 years,27,2961000,0.91,"222,977,046,516",3125,G.I. Generation
16621,Mexico,1989,female,75+ years,5,632000,0.79,"222,977,046,516",3125,G.I. Generation
16622,Mexico,1989,male,5-14 years,40,10466000,0.38,"222,977,046,516",3125,Generation X
16623,Mexico,1989,female,5-14 years,14,10128000,0.14,"222,977,046,516",3125,Generation X
16624,Mexico,1990,male,75+ years,87,489000,17.79,"262,709,948,091",3595,G.I. Generation
16625,Mexico,1990,male,55-74 years,224,2709000,8.27,"262,709,948,091",3595,G.I. Generation
16626,Mexico,1990,male,35-54 years,437,6812000,6.42,"262,709,948,091",3595,Silent
16627,Mexico,1990,male,25-34 years,387,6347000,6.1,"262,709,948,091",3595,Boomers
16628,Mexico,1990,male,15-24 years,472,9501000,4.97,"262,709,948,091",3595,Generation X
16629,Mexico,1990,female,15-24 years,114,9327000,1.22,"262,709,948,091",3595,Generation X
16630,Mexico,1990,female,55-74 years,34,3073000,1.11,"262,709,948,091",3595,G.I. Generation
16631,Mexico,1990,female,25-34 years,57,6426000,0.89,"262,709,948,091",3595,Boomers
16632,Mexico,1990,female,35-54 years,58,7045000,0.82,"262,709,948,091",3595,Silent
16633,Mexico,1990,female,75+ years,5,650900,0.77,"262,709,948,091",3595,G.I. Generation
16634,Mexico,1990,male,5-14 years,41,10518000,0.39,"262,709,948,091",3595,Generation X
16635,Mexico,1990,female,5-14 years,10,10179000,0.1,"262,709,948,091",3595,Generation X
16636,Mexico,1991,male,75+ years,73,500300,14.59,"314,454,015,372",4204,G.I. Generation
16637,Mexico,1991,male,55-74 years,240,2799000,8.57,"314,454,015,372",4204,Silent
16638,Mexico,1991,male,25-34 years,430,6592000,6.52,"314,454,015,372",4204,Boomers
16639,Mexico,1991,male,35-54 years,440,7060000,6.23,"314,454,015,372",4204,Boomers
16640,Mexico,1991,male,15-24 years,560,9666000,5.79,"314,454,015,372",4204,Generation X
16641,Mexico,1991,female,75+ years,8,667000,1.2,"314,454,015,372",4204,G.I. Generation
16642,Mexico,1991,female,15-24 years,113,9492000,1.19,"314,454,015,372",4204,Generation X
16643,Mexico,1991,female,25-34 years,72,6672000,1.08,"314,454,015,372",4204,Boomers
16644,Mexico,1991,female,35-54 years,75,7306000,1.03,"314,454,015,372",4204,Boomers
16645,Mexico,1991,female,55-74 years,28,3182000,0.88,"314,454,015,372",4204,Silent
16646,Mexico,1991,male,5-14 years,46,10601000,0.43,"314,454,015,372",4204,Millenials
16647,Mexico,1991,female,5-14 years,18,10259000,0.18,"314,454,015,372",4204,Millenials
16648,Mexico,1992,male,75+ years,95,549600,17.29,"363,609,163,462",4830,G.I. Generation
16649,Mexico,1992,male,55-74 years,243,2862600,8.49,"363,609,163,462",4830,Silent
16650,Mexico,1992,male,25-34 years,484,6347100,7.63,"363,609,163,462",4830,Boomers
16651,Mexico,1992,male,35-54 years,482,7168700,6.72,"363,609,163,462",4830,Boomers
16652,Mexico,1992,male,15-24 years,554,9572400,5.79,"363,609,163,462",4830,Generation X
16653,Mexico,1992,female,15-24 years,126,9605800,1.31,"363,609,163,462",4830,Generation X
16654,Mexico,1992,female,25-34 years,84,6654900,1.26,"363,609,163,462",4830,Boomers
16655,Mexico,1992,female,75+ years,8,730100,1.1,"363,609,163,462",4830,G.I. Generation
16656,Mexico,1992,female,55-74 years,33,3193600,1.03,"363,609,163,462",4830,Silent
16657,Mexico,1992,female,35-54 years,66,7544500,0.87,"363,609,163,462",4830,Boomers
16658,Mexico,1992,male,5-14 years,41,10704300,0.38,"363,609,163,462",4830,Millenials
16659,Mexico,1992,female,5-14 years,21,10352200,0.2,"363,609,163,462",4830,Millenials
16660,Mexico,1993,male,75+ years,95,560100,16.96,"500,736,065,605",6518,G.I. Generation
16661,Mexico,1993,male,55-74 years,255,2963500,8.6,"500,736,065,605",6518,Silent
16662,Mexico,1993,male,25-34 years,488,6543100,7.46,"500,736,065,605",6518,Boomers
16663,Mexico,1993,male,35-54 years,546,7427100,7.35,"500,736,065,605",6518,Boomers
16664,Mexico,1993,male,15-24 years,582,9745400,5.97,"500,736,065,605",6518,Generation X
16665,Mexico,1993,female,15-24 years,126,9764500,1.29,"500,736,065,605",6518,Generation X
16666,Mexico,1993,female,35-54 years,83,7837300,1.06,"500,736,065,605",6518,Boomers
16667,Mexico,1993,female,55-74 years,32,3305700,0.97,"500,736,065,605",6518,Silent
16668,Mexico,1993,female,25-34 years,64,6871000,0.93,"500,736,065,605",6518,Boomers
16669,Mexico,1993,female,75+ years,6,745600,0.8,"500,736,065,605",6518,G.I. Generation
16670,Mexico,1993,male,5-14 years,45,10712100,0.42,"500,736,065,605",6518,Millenials
16671,Mexico,1993,female,5-14 years,20,10351400,0.19,"500,736,065,605",6518,Millenials
16672,Mexico,1994,male,75+ years,100,573400,17.44,"527,813,238,126",6735,G.I. Generation
16673,Mexico,1994,male,55-74 years,299,3066800,9.75,"527,813,238,126",6735,Silent
16674,Mexico,1994,male,25-34 years,550,6757200,8.14,"527,813,238,126",6735,Boomers
16675,Mexico,1994,male,35-54 years,554,7691700,7.2,"527,813,238,126",6735,Boomers
16676,Mexico,1994,male,15-24 years,646,9882000,6.54,"527,813,238,126",6735,Generation X
16677,Mexico,1994,female,15-24 years,168,9886600,1.7,"527,813,238,126",6735,Generation X
16678,Mexico,1994,female,75+ years,12,764600,1.57,"527,813,238,126",6735,G.I. Generation
16679,Mexico,1994,female,35-54 years,88,8137700,1.08,"527,813,238,126",6735,Boomers
16680,Mexico,1994,female,25-34 years,71,7102600,1.0,"527,813,238,126",6735,Boomers
16681,Mexico,1994,female,55-74 years,28,3420700,0.82,"527,813,238,126",6735,Silent
16682,Mexico,1994,male,5-14 years,46,10730100,0.43,"527,813,238,126",6735,Millenials
16683,Mexico,1994,female,5-14 years,26,10360700,0.25,"527,813,238,126",6735,Millenials
16684,Mexico,1995,male,75+ years,111,590900,18.78,"360,073,909,244",4505,G.I. Generation
16685,Mexico,1995,male,55-74 years,298,3172300,9.39,"360,073,909,244",4505,Silent
16686,Mexico,1995,male,25-34 years,640,6993100,9.15,"360,073,909,244",4505,Generation X
16687,Mexico,1995,male,15-24 years,755,9978800,7.57,"360,073,909,244",4505,Generation X
16688,Mexico,1995,male,35-54 years,580,7960500,7.29,"360,073,909,244",4505,Boomers
16689,Mexico,1995,female,15-24 years,198,9970200,1.99,"360,073,909,244",4505,Generation X
16690,Mexico,1995,female,25-34 years,87,7352700,1.18,"360,073,909,244",4505,Generation X
16691,Mexico,1995,female,35-54 years,89,8443500,1.05,"360,073,909,244",4505,Boomers
16692,Mexico,1995,female,75+ years,8,789100,1.01,"360,073,909,244",4505,G.I. Generation
16693,Mexico,1995,female,55-74 years,34,3538000,0.96,"360,073,909,244",4505,Silent
16694,Mexico,1995,male,5-14 years,50,10758200,0.46,"360,073,909,244",4505,Millenials
16695,Mexico,1995,female,5-14 years,27,10379800,0.26,"360,073,909,244",4505,Millenials
16696,Mexico,1996,male,75+ years,115,684228,16.81,"410,975,595,310",4904,G.I. Generation
16697,Mexico,1996,male,55-74 years,309,3367371,9.18,"410,975,595,310",4904,Silent
16698,Mexico,1996,male,25-34 years,620,7310893,8.48,"410,975,595,310",4904,Generation X
16699,Mexico,1996,male,35-54 years,638,8288306,7.7,"410,975,595,310",4904,Boomers
16700,Mexico,1996,male,15-24 years,771,10461846,7.37,"410,975,595,310",4904,Generation X
16701,Mexico,1996,female,15-24 years,217,10401655,2.09,"410,975,595,310",4904,Generation X
16702,Mexico,1996,female,25-34 years,108,7578706,1.43,"410,975,595,310",4904,Generation X
16703,Mexico,1996,female,35-54 years,103,8556474,1.2,"410,975,595,310",4904,Boomers
16704,Mexico,1996,female,55-74 years,33,3868948,0.85,"410,975,595,310",4904,Silent
16705,Mexico,1996,male,5-14 years,61,11350080,0.54,"410,975,595,310",4904,Millenials
16706,Mexico,1996,female,75+ years,4,953167,0.42,"410,975,595,310",4904,G.I. Generation
16707,Mexico,1996,female,5-14 years,29,10980620,0.26,"410,975,595,310",4904,Millenials
16708,Mexico,1997,male,75+ years,109,713693,15.27,"500,413,483,109",5864,G.I. Generation
16709,Mexico,1997,male,25-34 years,721,7614070,9.47,"500,413,483,109",5864,Generation X
16710,Mexico,1997,male,15-24 years,931,10469891,8.89,"500,413,483,109",5864,Generation X
16711,Mexico,1997,male,55-74 years,280,3469821,8.07,"500,413,483,109",5864,Silent
16712,Mexico,1997,male,35-54 years,689,8545328,8.06,"500,413,483,109",5864,Boomers
16713,Mexico,1997,female,15-24 years,255,10389836,2.45,"500,413,483,109",5864,Generation X
16714,Mexico,1997,female,25-34 years,118,7878137,1.5,"500,413,483,109",5864,Generation X
16715,Mexico,1997,female,35-54 years,97,8847199,1.1,"500,413,483,109",5864,Boomers
16716,Mexico,1997,female,55-74 years,35,3962305,0.88,"500,413,483,109",5864,Silent
16717,Mexico,1997,male,5-14 years,81,11419034,0.71,"500,413,483,109",5864,Millenials
16718,Mexico,1997,female,75+ years,4,995305,0.4,"500,413,483,109",5864,G.I. Generation
16719,Mexico,1997,female,5-14 years,30,11036261,0.27,"500,413,483,109",5864,Millenials
16720,Mexico,1998,male,75+ years,117,743519,15.74,"526,502,129,378",6064,G.I. Generation
16721,Mexico,1998,male,25-34 years,774,7923430,9.77,"526,502,129,378",6064,Generation X
16722,Mexico,1998,male,15-24 years,860,10444415,8.23,"526,502,129,378",6064,Generation X
16723,Mexico,1998,male,55-74 years,288,3576372,8.05,"526,502,129,378",6064,Silent
16724,Mexico,1998,male,35-54 years,676,8802383,7.68,"526,502,129,378",6064,Boomers
16725,Mexico,1998,female,15-24 years,227,10340767,2.2,"526,502,129,378",6064,Generation X
16726,Mexico,1998,female,25-34 years,113,8178534,1.38,"526,502,129,378",6064,Generation X
16727,Mexico,1998,female,35-54 years,95,9136813,1.04,"526,502,129,378",6064,Boomers
16728,Mexico,1998,female,75+ years,10,1038891,0.96,"526,502,129,378",6064,G.I. Generation
16729,Mexico,1998,male,5-14 years,87,11488804,0.76,"526,502,129,378",6064,Millenials
16730,Mexico,1998,female,55-74 years,29,4058048,0.71,"526,502,129,378",6064,Silent
16731,Mexico,1998,female,5-14 years,36,11093702,0.32,"526,502,129,378",6064,Millenials
16732,Mexico,1999,male,75+ years,109,772816,14.1,"600,232,874,043",6800,G.I. Generation
16733,Mexico,1999,male,15-24 years,940,10416842,9.02,"600,232,874,043",6800,Generation X
16734,Mexico,1999,male,25-34 years,726,8214958,8.84,"600,232,874,043",6800,Generation X
16735,Mexico,1999,male,55-74 years,317,3684714,8.6,"600,232,874,043",6800,Silent
16736,Mexico,1999,male,35-54 years,668,9064400,7.37,"600,232,874,043",6800,Boomers
16737,Mexico,1999,female,15-24 years,211,10286270,2.05,"600,232,874,043",6800,Generation X
16738,Mexico,1999,female,35-54 years,114,9433287,1.21,"600,232,874,043",6800,Boomers
16739,Mexico,1999,female,25-34 years,100,8457907,1.18,"600,232,874,043",6800,Generation X
16740,Mexico,1999,female,75+ years,9,1083212,0.83,"600,232,874,043",6800,G.I. Generation
16741,Mexico,1999,female,55-74 years,34,4152769,0.82,"600,232,874,043",6800,Silent
16742,Mexico,1999,male,5-14 years,59,11553882,0.51,"600,232,874,043",6800,Millenials
16743,Mexico,1999,female,5-14 years,40,11150920,0.36,"600,232,874,043",6800,Millenials
16744,Mexico,2000,male,75+ years,105,801173,13.11,"707,906,744,575",7892,G.I. Generation
16745,Mexico,2000,male,25-34 years,797,8473261,9.41,"707,906,744,575",7892,Generation X
16746,Mexico,2000,male,15-24 years,870,10407812,8.36,"707,906,744,575",7892,Generation X
16747,Mexico,2000,male,55-74 years,317,3793938,8.36,"707,906,744,575",7892,Silent
16748,Mexico,2000,male,35-54 years,755,9334127,8.09,"707,906,744,575",7892,Boomers
16749,Mexico,2000,female,15-24 years,231,10247321,2.25,"707,906,744,575",7892,Generation X
16750,Mexico,2000,female,25-34 years,101,8702615,1.16,"707,906,744,575",7892,Generation X
16751,Mexico,2000,female,35-54 years,111,9741546,1.14,"707,906,744,575",7892,Boomers
16752,Mexico,2000,female,75+ years,12,1128113,1.06,"707,906,744,575",7892,G.I. Generation
16753,Mexico,2000,female,55-74 years,39,4245190,0.92,"707,906,744,575",7892,Silent
16754,Mexico,2000,male,5-14 years,75,11611360,0.65,"707,906,744,575",7892,Millenials
16755,Mexico,2000,female,5-14 years,43,11208337,0.38,"707,906,744,575",7892,Millenials
16756,Mexico,2001,male,75+ years,161,836476,19.25,"756,706,300,590",8311,Silent
16757,Mexico,2001,male,25-34 years,837,8719740,9.6,"756,706,300,590",8311,Generation X
16758,Mexico,2001,male,15-24 years,908,10392763,8.74,"756,706,300,590",8311,Millenials
16759,Mexico,2001,male,55-74 years,338,3891947,8.68,"756,706,300,590",8311,Silent
16760,Mexico,2001,male,35-54 years,765,9614513,7.96,"756,706,300,590",8311,Boomers
16761,Mexico,2001,female,15-24 years,263,10198732,2.58,"756,706,300,590",8311,Millenials
16762,Mexico,2001,female,25-34 years,136,8930235,1.52,"756,706,300,590",8311,Generation X
16763,Mexico,2001,female,35-54 years,148,10069614,1.47,"756,706,300,590",8311,Boomers
16764,Mexico,2001,female,55-74 years,51,4322994,1.18,"756,706,300,590",8311,Silent
16765,Mexico,2001,female,75+ years,13,1178437,1.1,"756,706,300,590",8311,Silent
16766,Mexico,2001,male,5-14 years,79,11648383,0.68,"756,706,300,590",8311,Millenials
16767,Mexico,2001,female,5-14 years,61,11248880,0.54,"756,706,300,590",8311,Millenials
16768,Mexico,2002,male,75+ years,124,869659,14.26,"772,106,378,935",8357,Silent
16769,Mexico,2002,male,25-34 years,852,8935002,9.54,"772,106,378,935",8357,Generation X
16770,Mexico,2002,male,15-24 years,919,10391176,8.84,"772,106,378,935",8357,Millenials
16771,Mexico,2002,male,55-74 years,348,3991819,8.72,"772,106,378,935",8357,Silent
16772,Mexico,2002,male,35-54 years,824,9900926,8.32,"772,106,378,935",8357,Boomers
16773,Mexico,2002,female,15-24 years,260,10166352,2.56,"772,106,378,935",8357,Millenials
16774,Mexico,2002,female,35-54 years,158,10409349,1.52,"772,106,378,935",8357,Boomers
16775,Mexico,2002,female,25-34 years,119,9124293,1.3,"772,106,378,935",8357,Generation X
16776,Mexico,2002,female,55-74 years,46,4401799,1.05,"772,106,378,935",8357,Silent
16777,Mexico,2002,male,5-14 years,103,11684250,0.88,"772,106,378,935",8357,Millenials
16778,Mexico,2002,female,75+ years,10,1227458,0.81,"772,106,378,935",8357,Silent
16779,Mexico,2002,female,5-14 years,63,11292233,0.56,"772,106,378,935",8357,Millenials
16780,Mexico,2003,male,75+ years,151,901495,16.75,"729,336,319,677",7779,Silent
16781,Mexico,2003,male,25-34 years,911,9114537,10.0,"729,336,319,677",7779,Generation X
16782,Mexico,2003,male,55-74 years,385,4100347,9.39,"729,336,319,677",7779,Silent
16783,Mexico,2003,male,15-24 years,953,10408446,9.16,"729,336,319,677",7779,Millenials
16784,Mexico,2003,male,35-54 years,885,10201542,8.68,"729,336,319,677",7779,Boomers
16785,Mexico,2003,female,15-24 years,280,10156204,2.76,"729,336,319,677",7779,Millenials
16786,Mexico,2003,female,35-54 years,171,10765671,1.59,"729,336,319,677",7779,Boomers
16787,Mexico,2003,female,25-34 years,125,9280350,1.35,"729,336,319,677",7779,Generation X
16788,Mexico,2003,female,55-74 years,55,4489997,1.22,"729,336,319,677",7779,Silent
16789,Mexico,2003,female,75+ years,11,1276432,0.86,"729,336,319,677",7779,Silent
16790,Mexico,2003,male,5-14 years,91,11723507,0.78,"729,336,319,677",7779,Millenials
16791,Mexico,2003,female,5-14 years,52,11340331,0.46,"729,336,319,677",7779,Millenials
16792,Mexico,2004,male,75+ years,140,932624,15.01,"782,240,601,985",8217,Silent
16793,Mexico,2004,male,25-34 years,885,9254521,9.56,"782,240,601,985",8217,Generation X
16794,Mexico,2004,male,55-74 years,390,4227720,9.22,"782,240,601,985",8217,Silent
16795,Mexico,2004,male,15-24 years,942,10447031,9.02,"782,240,601,985",8217,Millenials
16796,Mexico,2004,male,35-54 years,926,10528424,8.8,"782,240,601,985",8217,Boomers
16797,Mexico,2004,female,15-24 years,238,10169971,2.34,"782,240,601,985",8217,Millenials
16798,Mexico,2004,female,25-34 years,158,9394059,1.68,"782,240,601,985",8217,Generation X
16799,Mexico,2004,female,55-74 years,67,4599859,1.46,"782,240,601,985",8217,Silent
16800,Mexico,2004,female,35-54 years,148,11144750,1.33,"782,240,601,985",8217,Boomers
16801,Mexico,2004,female,75+ years,14,1326483,1.06,"782,240,601,985",8217,Silent
16802,Mexico,2004,male,5-14 years,98,11772473,0.83,"782,240,601,985",8217,Millenials
16803,Mexico,2004,female,5-14 years,50,11395153,0.44,"782,240,601,985",8217,Millenials
16804,Mexico,2005,male,75+ years,154,963447,15.98,"877,476,221,382",9071,Silent
16805,Mexico,2005,male,25-34 years,956,9355305,10.22,"877,476,221,382",9071,Generation X
16806,Mexico,2005,male,35-54 years,1018,10888804,9.35,"877,476,221,382",9071,Boomers
16807,Mexico,2005,male,15-24 years,943,10509381,8.97,"877,476,221,382",9071,Millenials
16808,Mexico,2005,male,55-74 years,375,4380597,8.56,"877,476,221,382",9071,Silent
16809,Mexico,2005,female,15-24 years,272,10208805,2.66,"877,476,221,382",9071,Millenials
16810,Mexico,2005,female,25-34 years,159,9465920,1.68,"877,476,221,382",9071,Generation X
16811,Mexico,2005,female,35-54 years,177,11550016,1.53,"877,476,221,382",9071,Boomers
16812,Mexico,2005,female,55-74 years,54,4739632,1.14,"877,476,221,382",9071,Silent
16813,Mexico,2005,male,5-14 years,98,11833699,0.83,"877,476,221,382",9071,Millenials
16814,Mexico,2005,female,75+ years,11,1378312,0.8,"877,476,221,382",9071,Silent
16815,Mexico,2005,female,5-14 years,57,11456090,0.5,"877,476,221,382",9071,Millenials
16816,Mexico,2006,male,75+ years,139,1009855,13.76,"975,387,131,716",9906,Silent
16817,Mexico,2006,male,25-34 years,928,9459323,9.81,"975,387,131,716",9906,Generation X
16818,Mexico,2006,male,55-74 years,419,4535133,9.24,"975,387,131,716",9906,Silent
16819,Mexico,2006,male,35-54 years,995,11286802,8.82,"975,387,131,716",9906,Boomers
16820,Mexico,2006,male,15-24 years,926,10624582,8.72,"975,387,131,716",9906,Millenials
16821,Mexico,2006,female,15-24 years,287,10309008,2.78,"975,387,131,716",9906,Millenials
16822,Mexico,2006,female,25-34 years,137,9546600,1.44,"975,387,131,716",9906,Generation X
16823,Mexico,2006,female,35-54 years,161,11985917,1.34,"975,387,131,716",9906,Boomers
16824,Mexico,2006,female,55-74 years,52,4886682,1.06,"975,387,131,716",9906,Silent
16825,Mexico,2006,male,5-14 years,114,11875780,0.96,"975,387,131,716",9906,Millenials
16826,Mexico,2006,female,75+ years,11,1441037,0.76,"975,387,131,716",9906,Silent
16827,Mexico,2006,female,5-14 years,61,11508120,0.53,"975,387,131,716",9906,Millenials
16828,Mexico,2007,male,75+ years,136,1055853,12.88,"1,052,696,282,279",10496,Silent
16829,Mexico,2007,male,25-34 years,943,9530655,9.89,"1,052,696,282,279",10496,Generation X
16830,Mexico,2007,male,55-74 years,421,4716115,8.93,"1,052,696,282,279",10496,Silent
16831,Mexico,2007,male,35-54 years,1030,11726685,8.78,"1,052,696,282,279",10496,Boomers
16832,Mexico,2007,male,15-24 years,910,10761087,8.46,"1,052,696,282,279",10496,Millenials
16833,Mexico,2007,female,15-24 years,272,10427676,2.61,"1,052,696,282,279",10496,Millenials
16834,Mexico,2007,female,25-34 years,173,9590582,1.8,"1,052,696,282,279",10496,Generation X
16835,Mexico,2007,female,35-54 years,202,12451981,1.62,"1,052,696,282,279",10496,Boomers
16836,Mexico,2007,female,55-74 years,48,5064820,0.95,"1,052,696,282,279",10496,Silent
16837,Mexico,2007,female,75+ years,14,1503866,0.93,"1,052,696,282,279",10496,Silent
16838,Mexico,2007,male,5-14 years,83,11918904,0.7,"1,052,696,282,279",10496,Generation Z
16839,Mexico,2007,female,5-14 years,53,11546073,0.46,"1,052,696,282,279",10496,Generation Z
16840,Mexico,2008,male,75+ years,145,1101082,13.17,"1,109,989,038,339",10864,Silent
16841,Mexico,2008,male,25-34 years,959,9582642,10.01,"1,109,989,038,339",10864,Generation X
16842,Mexico,2008,male,55-74 years,457,4918339,9.29,"1,109,989,038,339",10864,Silent
16843,Mexico,2008,male,15-24 years,997,10909870,9.14,"1,109,989,038,339",10864,Millenials
16844,Mexico,2008,male,35-54 years,1113,12193540,9.13,"1,109,989,038,339",10864,Boomers
16845,Mexico,2008,female,15-24 years,325,10559325,3.08,"1,109,989,038,339",10864,Millenials
16846,Mexico,2008,female,25-34 years,176,9612896,1.83,"1,109,989,038,339",10864,Generation X
16847,Mexico,2008,female,35-54 years,213,12936391,1.65,"1,109,989,038,339",10864,Boomers
16848,Mexico,2008,female,55-74 years,60,5270209,1.14,"1,109,989,038,339",10864,Silent
16849,Mexico,2008,male,5-14 years,111,11956461,0.93,"1,109,989,038,339",10864,Generation Z
16850,Mexico,2008,female,75+ years,13,1565132,0.83,"1,109,989,038,339",10864,Silent
16851,Mexico,2008,female,5-14 years,73,11564700,0.63,"1,109,989,038,339",10864,Generation Z
16852,Mexico,2009,male,75+ years,163,1144924,14.24,"900,045,362,045",8651,Silent
16853,Mexico,2009,male,25-34 years,985,9636154,10.22,"900,045,362,045",8651,Generation X
16854,Mexico,2009,male,35-54 years,1271,12663131,10.04,"900,045,362,045",8651,Boomers
16855,Mexico,2009,male,55-74 years,497,5132854,9.68,"900,045,362,045",8651,Silent
16856,Mexico,2009,male,15-24 years,1032,11057116,9.33,"900,045,362,045",8651,Millenials
16857,Mexico,2009,female,15-24 years,359,10695396,3.36,"900,045,362,045",8651,Millenials
16858,Mexico,2009,female,25-34 years,212,9636739,2.2,"900,045,362,045",8651,Generation X
16859,Mexico,2009,female,35-54 years,234,13420062,1.74,"900,045,362,045",8651,Boomers
16860,Mexico,2009,female,55-74 years,74,5495711,1.35,"900,045,362,045",8651,Silent
16861,Mexico,2009,male,5-14 years,109,11979752,0.91,"900,045,362,045",8651,Generation Z
16862,Mexico,2009,female,5-14 years,81,11560068,0.7,"900,045,362,045",8651,Generation Z
16863,Mexico,2009,female,75+ years,6,1622435,0.37,"900,045,362,045",8651,Silent
16864,Mexico,2010,male,75+ years,165,1187437,13.9,"1,057,801,282,051",9991,Silent
16865,Mexico,2010,male,25-34 years,936,9704369,9.65,"1,057,801,282,051",9991,Generation X
16866,Mexico,2010,male,15-24 years,1074,11192708,9.6,"1,057,801,282,051",9991,Millenials
16867,Mexico,2010,male,35-54 years,1191,13117850,9.08,"1,057,801,282,051",9991,Generation X
16868,Mexico,2010,male,55-74 years,483,5353293,9.02,"1,057,801,282,051",9991,Silent
16869,Mexico,2010,female,15-24 years,350,10827976,3.23,"1,057,801,282,051",9991,Millenials
16870,Mexico,2010,female,25-34 years,177,9676184,1.83,"1,057,801,282,051",9991,Generation X
16871,Mexico,2010,female,35-54 years,231,13887708,1.66,"1,057,801,282,051",9991,Generation X
16872,Mexico,2010,female,55-74 years,62,5735458,1.08,"1,057,801,282,051",9991,Silent
16873,Mexico,2010,male,5-14 years,109,11983471,0.91,"1,057,801,282,051",9991,Generation Z
16874,Mexico,2010,female,5-14 years,73,11534311,0.63,"1,057,801,282,051",9991,Generation Z
16875,Mexico,2010,female,75+ years,7,1675096,0.42,"1,057,801,282,051",9991,Silent
16876,Mexico,2011,male,75+ years,156,1236980,12.61,"1,180,489,563,964",10965,Silent
16877,Mexico,2011,male,15-24 years,1308,11318362,11.56,"1,180,489,563,964",10965,Millenials
16878,Mexico,2011,male,25-34 years,1024,9792087,10.46,"1,180,489,563,964",10965,Millenials
16879,Mexico,2011,male,35-54 years,1326,13558864,9.78,"1,180,489,563,964",10965,Generation X
16880,Mexico,2011,male,55-74 years,533,5562736,9.58,"1,180,489,563,964",10965,Boomers
16881,Mexico,2011,female,15-24 years,439,10955599,4.01,"1,180,489,563,964",10965,Millenials
16882,Mexico,2011,female,25-34 years,225,9731711,2.31,"1,180,489,563,964",10965,Millenials
16883,Mexico,2011,female,35-54 years,222,14331297,1.55,"1,180,489,563,964",10965,Generation X
16884,Mexico,2011,female,55-74 years,72,5967658,1.21,"1,180,489,563,964",10965,Boomers
16885,Mexico,2011,male,5-14 years,140,11975964,1.17,"1,180,489,563,964",10965,Generation Z
16886,Mexico,2011,female,5-14 years,107,11496698,0.93,"1,180,489,563,964",10965,Generation Z
16887,Mexico,2011,female,75+ years,6,1727144,0.35,"1,180,489,563,964",10965,Silent
16888,Mexico,2012,male,75+ years,170,1283320,13.25,"1,201,090,018,604",10982,Silent
16889,Mexico,2012,male,15-24 years,1251,11427075,10.95,"1,201,090,018,604",10982,Millenials
16890,Mexico,2012,male,25-34 years,1013,9890969,10.24,"1,201,090,018,604",10982,Millenials
16891,Mexico,2012,male,35-54 years,1264,13980301,9.04,"1,201,090,018,604",10982,Generation X
16892,Mexico,2012,male,55-74 years,509,5778173,8.81,"1,201,090,018,604",10982,Boomers
16893,Mexico,2012,female,15-24 years,407,11076558,3.67,"1,201,090,018,604",10982,Millenials
16894,Mexico,2012,female,25-34 years,214,9801779,2.18,"1,201,090,018,604",10982,Millenials
16895,Mexico,2012,female,35-54 years,258,14755637,1.75,"1,201,090,018,604",10982,Generation X
16896,Mexico,2012,female,55-74 years,85,6214623,1.37,"1,201,090,018,604",10982,Boomers
16897,Mexico,2012,male,5-14 years,123,11945793,1.03,"1,201,090,018,604",10982,Generation Z
16898,Mexico,2012,female,5-14 years,79,11441953,0.69,"1,201,090,018,604",10982,Generation Z
16899,Mexico,2012,female,75+ years,8,1772584,0.45,"1,201,090,018,604",10982,Silent
16900,Mexico,2013,male,75+ years,161,1328764,12.12,"1,274,443,078,609",11478,Silent
16901,Mexico,2013,male,25-34 years,1151,10000769,11.51,"1,274,443,078,609",11478,Millenials
16902,Mexico,2013,male,15-24 years,1220,11520698,10.59,"1,274,443,078,609",11478,Millenials
16903,Mexico,2013,male,35-54 years,1469,14385858,10.21,"1,274,443,078,609",11478,Generation X
16904,Mexico,2013,male,55-74 years,565,5999782,9.42,"1,274,443,078,609",11478,Boomers
16905,Mexico,2013,female,15-24 years,392,11186604,3.5,"1,274,443,078,609",11478,Millenials
16906,Mexico,2013,female,25-34 years,212,9885421,2.14,"1,274,443,078,609",11478,Millenials
16907,Mexico,2013,female,35-54 years,263,15162201,1.73,"1,274,443,078,609",11478,Generation X
16908,Mexico,2013,female,55-74 years,94,6474009,1.45,"1,274,443,078,609",11478,Boomers
16909,Mexico,2013,female,75+ years,16,1815829,0.88,"1,274,443,078,609",11478,Silent
16910,Mexico,2013,male,5-14 years,102,11898580,0.86,"1,274,443,078,609",11478,Generation Z
16911,Mexico,2013,female,5-14 years,66,11378193,0.58,"1,274,443,078,609",11478,Generation Z
16912,Mexico,2014,male,75+ years,177,1376264,12.86,"1,314,385,330,073",11663,Silent
16913,Mexico,2014,male,15-24 years,1334,11603241,11.5,"1,314,385,330,073",11663,Millenials
16914,Mexico,2014,male,25-34 years,1140,10118932,11.27,"1,314,385,330,073",11663,Millenials
16915,Mexico,2014,male,35-54 years,1558,14784480,10.54,"1,314,385,330,073",11663,Generation X
16916,Mexico,2014,male,55-74 years,612,6228708,9.83,"1,314,385,330,073",11663,Boomers
16917,Mexico,2014,female,15-24 years,416,11280468,3.69,"1,314,385,330,073",11663,Millenials
16918,Mexico,2014,female,25-34 years,271,9978692,2.72,"1,314,385,330,073",11663,Millenials
16919,Mexico,2014,female,35-54 years,333,15556091,2.14,"1,314,385,330,073",11663,Generation X
16920,Mexico,2014,female,55-74 years,91,6743397,1.35,"1,314,385,330,073",11663,Boomers
16921,Mexico,2014,male,5-14 years,129,11844045,1.09,"1,314,385,330,073",11663,Generation Z
16922,Mexico,2014,female,5-14 years,109,11316008,0.96,"1,314,385,330,073",11663,Generation Z
16923,Mexico,2014,female,75+ years,8,1862263,0.43,"1,314,385,330,073",11663,Silent
16924,Mexico,2015,male,25-34 years,1195,10243158,11.67,"1,169,622,672,463",10228,Millenials
16925,Mexico,2015,male,15-24 years,1347,11676480,11.54,"1,169,622,672,463",10228,Millenials
16926,Mexico,2015,male,75+ years,163,1427654,11.42,"1,169,622,672,463",10228,Silent
16927,Mexico,2015,male,35-54 years,1560,15181008,10.28,"1,169,622,672,463",10228,Generation X
16928,Mexico,2015,male,55-74 years,584,6465941,9.03,"1,169,622,672,463",10228,Boomers
16929,Mexico,2015,female,15-24 years,484,11354811,4.26,"1,169,622,672,463",10228,Millenials
16930,Mexico,2015,female,25-34 years,267,10079012,2.65,"1,169,622,672,463",10228,Millenials
16931,Mexico,2015,female,35-54 years,303,15940497,1.9,"1,169,622,672,463",10228,Generation X
16932,Mexico,2015,female,55-74 years,88,7021916,1.25,"1,169,622,672,463",10228,Boomers
16933,Mexico,2015,male,5-14 years,137,11790898,1.16,"1,169,622,672,463",10228,Generation Z
16934,Mexico,2015,female,5-14 years,95,11261292,0.84,"1,169,622,672,463",10228,Generation Z
16935,Mexico,2015,female,75+ years,11,1915217,0.57,"1,169,622,672,463",10228,Silent
26848,United States,1985,male,75+ years,2177,4064000,53.57,"4,346,734,000,000",19693,G.I. Generation
26849,United States,1985,male,55-74 years,5302,17971000,29.5,"4,346,734,000,000",19693,G.I. Generation
26850,United States,1985,male,25-34 years,5134,20986000,24.46,"4,346,734,000,000",19693,Boomers
26851,United States,1985,male,35-54 years,6053,26589000,22.77,"4,346,734,000,000",19693,Silent
26852,United States,1985,male,15-24 years,4267,19962000,21.38,"4,346,734,000,000",19693,Generation X
26853,United States,1985,female,35-54 years,2105,27763000,7.58,"4,346,734,000,000",19693,Silent
26854,United States,1985,female,55-74 years,1568,21366000,7.34,"4,346,734,000,000",19693,G.I. Generation
26855,United States,1985,female,75+ years,466,7469000,6.24,"4,346,734,000,000",19693,G.I. Generation
26856,United States,1985,female,25-34 years,1242,21041000,5.9,"4,346,734,000,000",19693,Boomers
26857,United States,1985,female,15-24 years,854,19589000,4.36,"4,346,734,000,000",19693,Generation X
26858,United States,1985,male,5-14 years,205,17370000,1.18,"4,346,734,000,000",19693,Generation X
26859,United States,1985,female,5-14 years,73,16553000,0.44,"4,346,734,000,000",19693,Generation X
26860,United States,1986,male,75+ years,2340,4178000,56.01,"4,590,155,000,000",20588,G.I. Generation
26861,United States,1986,male,55-74 years,5500,18101000,30.39,"4,590,155,000,000",20588,G.I. Generation
26862,United States,1986,male,25-34 years,5450,21393000,25.48,"4,590,155,000,000",20588,Boomers
26863,United States,1986,male,35-54 years,6450,27363000,23.57,"4,590,155,000,000",20588,Silent
26864,United States,1986,male,15-24 years,4276,19715000,21.69,"4,590,155,000,000",20588,Generation X
26865,United States,1986,female,35-54 years,2299,28520000,8.06,"4,590,155,000,000",20588,Silent
26866,United States,1986,female,55-74 years,1696,21455000,7.9,"4,590,155,000,000",20588,G.I. Generation
26867,United States,1986,female,75+ years,521,7669000,6.79,"4,590,155,000,000",20588,G.I. Generation
26868,United States,1986,female,25-34 years,1261,21391000,5.9,"4,590,155,000,000",20588,Boomers
26869,United States,1986,female,15-24 years,844,19313000,4.37,"4,590,155,000,000",20588,Generation X
26870,United States,1986,male,5-14 years,199,17338000,1.15,"4,590,155,000,000",20588,Generation X
26871,United States,1986,female,5-14 years,56,16517000,0.34,"4,590,155,000,000",20588,Generation X
26872,United States,1987,male,75+ years,2532,4295000,58.95,"4,870,217,000,000",21631,G.I. Generation
26873,United States,1987,male,55-74 years,5482,18190000,30.14,"4,870,217,000,000",21631,G.I. Generation
26874,United States,1987,male,25-34 years,5370,21670000,24.78,"4,870,217,000,000",21631,Boomers
26875,United States,1987,male,35-54 years,6569,28222000,23.28,"4,870,217,000,000",21631,Silent
26876,United States,1987,male,15-24 years,4109,19327000,21.26,"4,870,217,000,000",21631,Generation X
26877,United States,1987,female,35-54 years,2270,29359000,7.73,"4,870,217,000,000",21631,Silent
26878,United States,1987,female,55-74 years,1596,21497000,7.42,"4,870,217,000,000",21631,G.I. Generation
26879,United States,1987,female,75+ years,504,7872000,6.4,"4,870,217,000,000",21631,G.I. Generation
26880,United States,1987,female,25-34 years,1285,21645000,5.94,"4,870,217,000,000",21631,Boomers
26881,United States,1987,female,15-24 years,815,18925000,4.31,"4,870,217,000,000",21631,Generation X
26882,United States,1987,male,5-14 years,199,17486000,1.14,"4,870,217,000,000",21631,Generation X
26883,United States,1987,female,5-14 years,52,16660000,0.31,"4,870,217,000,000",21631,Generation X
26884,United States,1988,male,75+ years,2548,4409000,57.79,"5,252,629,000,000",23103,G.I. Generation
26885,United States,1988,male,55-74 years,5198,18235000,28.51,"5,252,629,000,000",23103,G.I. Generation
26886,United States,1988,male,25-34 years,5463,21853000,25.0,"5,252,629,000,000",23103,Boomers
26887,United States,1988,male,35-54 years,6528,29147000,22.4,"5,252,629,000,000",23103,Silent
26888,United States,1988,male,15-24 years,4143,18897000,21.92,"5,252,629,000,000",23103,Generation X
26889,United States,1988,female,35-54 years,2209,30281000,7.3,"5,252,629,000,000",23103,Silent
26890,United States,1988,female,55-74 years,1504,21491000,7.0,"5,252,629,000,000",23103,G.I. Generation
26891,United States,1988,female,75+ years,519,8062000,6.44,"5,252,629,000,000",23103,G.I. Generation
26892,United States,1988,female,25-34 years,1247,21822000,5.71,"5,252,629,000,000",23103,Boomers
26893,United States,1988,female,15-24 years,786,18501000,4.25,"5,252,629,000,000",23103,Generation X
26894,United States,1988,male,5-14 years,181,17751000,1.02,"5,252,629,000,000",23103,Generation X
26895,United States,1988,female,5-14 years,62,16904000,0.37,"5,252,629,000,000",23103,Generation X
26896,United States,1989,male,75+ years,2462,4541000,54.22,"5,657,693,000,000",24654,G.I. Generation
26897,United States,1989,male,55-74 years,5185,18295000,28.34,"5,657,693,000,000",24654,G.I. Generation
26898,United States,1989,male,25-34 years,5339,21943000,24.33,"5,657,693,000,000",24654,Boomers
26899,United States,1989,male,35-54 years,6814,30135000,22.61,"5,657,693,000,000",24654,Silent
26900,United States,1989,male,15-24 years,4106,18459000,22.24,"5,657,693,000,000",24654,Generation X
26901,United States,1989,female,35-54 years,2159,31264000,6.91,"5,657,693,000,000",24654,Silent
26902,United States,1989,female,55-74 years,1432,21480000,6.67,"5,657,693,000,000",24654,G.I. Generation
26903,United States,1989,female,75+ years,491,8262000,5.94,"5,657,693,000,000",24654,G.I. Generation
26904,United States,1989,female,25-34 years,1226,21892000,5.6,"5,657,693,000,000",24654,Boomers
26905,United States,1989,female,15-24 years,764,18055000,4.23,"5,657,693,000,000",24654,Generation X
26906,United States,1989,male,5-14 years,184,18010000,1.02,"5,657,693,000,000",24654,Generation X
26907,United States,1989,female,5-14 years,56,17151000,0.33,"5,657,693,000,000",24654,Generation X
26908,United States,1990,male,75+ years,2653,4585900,57.85,"5,979,589,000,000",26004,G.I. Generation
26909,United States,1990,male,55-74 years,5109,17861900,28.6,"5,979,589,000,000",26004,G.I. Generation
26910,United States,1990,male,25-34 years,5339,21564300,24.76,"5,979,589,000,000",26004,Boomers
26911,United States,1990,male,35-54 years,7260,30742000,23.62,"5,979,589,000,000",26004,Silent
26912,United States,1990,male,15-24 years,4160,18915400,21.99,"5,979,589,000,000",26004,Generation X
26913,United States,1990,female,55-74 years,1504,21296300,7.06,"5,979,589,000,000",26004,G.I. Generation
26914,United States,1990,female,35-54 years,2175,31749500,6.85,"5,979,589,000,000",26004,Silent
26915,United States,1990,female,75+ years,511,8447400,6.05,"5,979,589,000,000",26004,G.I. Generation
26916,United States,1990,female,25-34 years,1211,21596400,5.61,"5,979,589,000,000",26004,Boomers
26917,United States,1990,female,15-24 years,709,18097900,3.92,"5,979,589,000,000",26004,Generation X
26918,United States,1990,male,5-14 years,195,17970800,1.09,"5,979,589,000,000",26004,Generation X
26919,United States,1990,female,5-14 years,69,17124400,0.4,"5,979,589,000,000",26004,Generation X
26920,United States,1991,male,75+ years,2673,4769000,56.05,"6,174,043,000,000",26503,G.I. Generation
26921,United States,1991,male,55-74 years,4983,17954000,27.75,"6,174,043,000,000",26503,Silent
26922,United States,1991,male,25-34 years,5361,21427000,25.02,"6,174,043,000,000",26503,Boomers
26923,United States,1991,male,35-54 years,7454,31995000,23.3,"6,174,043,000,000",26503,Boomers
26924,United States,1991,male,15-24 years,4073,18609000,21.89,"6,174,043,000,000",26503,Generation X
26925,United States,1991,female,35-54 years,2296,33017000,6.95,"6,174,043,000,000",26503,Boomers
26926,United States,1991,female,55-74 years,1342,21331000,6.29,"6,174,043,000,000",26503,Silent
26927,United States,1991,female,75+ years,511,8705000,5.87,"6,174,043,000,000",26503,G.I. Generation
26928,United States,1991,female,25-34 years,1153,21450000,5.38,"6,174,043,000,000",26503,Boomers
26929,United States,1991,female,15-24 years,678,17790000,3.81,"6,174,043,000,000",26503,Generation X
26930,United States,1991,male,5-14 years,208,18388000,1.13,"6,174,043,000,000",26503,Millenials
26931,United States,1991,female,5-14 years,58,17520000,0.33,"6,174,043,000,000",26503,Millenials
26932,United States,1992,male,75+ years,2573,4916700,52.33,"6,539,299,000,000",27760,G.I. Generation
26933,United States,1992,male,55-74 years,4818,18038900,26.71,"6,539,299,000,000",27760,Silent
26934,United States,1992,male,25-34 years,5102,21232500,24.03,"6,539,299,000,000",27760,Boomers
26935,United States,1992,male,35-54 years,7679,33165400,23.15,"6,539,299,000,000",27760,Boomers
26936,United States,1992,male,15-24 years,4044,18478000,21.89,"6,539,299,000,000",27760,Generation X
26937,United States,1992,female,35-54 years,2348,34156600,6.87,"6,539,299,000,000",27760,Boomers
26938,United States,1992,female,55-74 years,1325,21346900,6.21,"6,539,299,000,000",27760,Silent
26939,United States,1992,female,75+ years,549,8898100,6.17,"6,539,299,000,000",27760,G.I. Generation
26940,United States,1992,female,25-34 years,1070,21212300,5.04,"6,539,299,000,000",27760,Boomers
26941,United States,1992,female,15-24 years,649,17668700,3.67,"6,539,299,000,000",27760,Generation X
26942,United States,1992,male,5-14 years,232,18668200,1.24,"6,539,299,000,000",27760,Millenials
26943,United States,1992,female,5-14 years,82,17783300,0.46,"6,539,299,000,000",27760,Millenials
26944,United States,1993,male,75+ years,2649,5043500,52.52,"6,878,718,000,000",28891,G.I. Generation
26945,United States,1993,male,55-74 years,4797,18163000,26.41,"6,878,718,000,000",28891,Silent
26946,United States,1993,male,25-34 years,5218,20942000,24.92,"6,878,718,000,000",28891,Boomers
26947,United States,1993,male,35-54 years,7976,34205000,23.32,"6,878,718,000,000",28891,Boomers
26948,United States,1993,male,15-24 years,4119,18399400,22.39,"6,878,718,000,000",28891,Generation X
26949,United States,1993,female,35-54 years,2362,35236400,6.7,"6,878,718,000,000",28891,Boomers
26950,United States,1993,female,55-74 years,1304,21398900,6.09,"6,878,718,000,000",28891,Silent
26951,United States,1993,female,75+ years,519,9090400,5.71,"6,878,718,000,000",28891,G.I. Generation
26952,United States,1993,female,25-34 years,1089,20933400,5.2,"6,878,718,000,000",28891,Boomers
26953,United States,1993,female,15-24 years,730,17630000,4.14,"6,878,718,000,000",28891,Generation X
26954,United States,1993,male,5-14 years,233,18972100,1.23,"6,878,718,000,000",28891,Millenials
26955,United States,1993,female,5-14 years,88,18078200,0.49,"6,878,718,000,000",28891,Millenials
26956,United States,1994,male,75+ years,2629,5185500,50.7,"7,308,755,000,000",30375,G.I. Generation
26957,United States,1994,male,25-34 years,5295,20676800,25.61,"7,308,755,000,000",30375,Boomers
26958,United States,1994,male,55-74 years,4498,18273200,24.62,"7,308,755,000,000",30375,Silent
26959,United States,1994,male,15-24 years,4302,18347400,23.45,"7,308,755,000,000",30375,Generation X
26960,United States,1994,male,35-54 years,8199,35239700,23.27,"7,308,755,000,000",30375,Boomers
26961,United States,1994,female,35-54 years,2472,36290200,6.81,"7,308,755,000,000",30375,Boomers
26962,United States,1994,female,75+ years,514,9261000,5.55,"7,308,755,000,000",30375,G.I. Generation
26963,United States,1994,female,55-74 years,1179,21456100,5.49,"7,308,755,000,000",30375,Silent
26964,United States,1994,female,25-34 years,1059,20677400,5.12,"7,308,755,000,000",30375,Boomers
26965,United States,1994,female,15-24 years,654,17595500,3.72,"7,308,755,000,000",30375,Generation X
26966,United States,1994,male,5-14 years,234,19259500,1.21,"7,308,755,000,000",30375,Millenials
26967,United States,1994,female,5-14 years,88,18351800,0.48,"7,308,755,000,000",30375,Millenials
26968,United States,1995,male,75+ years,2580,5346600,48.25,"7,664,060,000,000",31518,G.I. Generation
26969,United States,1995,male,25-34 years,5234,20432000,25.62,"7,664,060,000,000",31518,Generation X
26970,United States,1995,male,55-74 years,4607,18386200,25.06,"7,664,060,000,000",31518,Silent
26971,United States,1995,male,35-54 years,8545,36243300,23.58,"7,664,060,000,000",31518,Boomers
26972,United States,1995,male,15-24 years,4132,18352000,22.52,"7,664,060,000,000",31518,Generation X
26973,United States,1995,female,35-54 years,2454,37303100,6.58,"7,664,060,000,000",31518,Boomers
26974,United States,1995,female,75+ years,516,9426600,5.47,"7,664,060,000,000",31518,G.I. Generation
26975,United States,1995,female,55-74 years,1157,21504100,5.38,"7,664,060,000,000",31518,Silent
26976,United States,1995,female,25-34 years,1058,20441200,5.18,"7,664,060,000,000",31518,Generation X
26977,United States,1995,female,15-24 years,652,17594600,3.71,"7,664,060,000,000",31518,Generation X
26978,United States,1995,male,5-14 years,260,19528500,1.33,"7,664,060,000,000",31518,Millenials
26979,United States,1995,female,5-14 years,77,18606000,0.41,"7,664,060,000,000",31518,Millenials
26980,United States,1996,male,75+ years,2586,5556200,46.54,"8,100,201,000,000",32928,G.I. Generation
26981,United States,1996,male,55-74 years,4613,18490700,24.95,"8,100,201,000,000",32928,Silent
26982,United States,1996,male,35-54 years,8984,37405100,24.02,"8,100,201,000,000",32928,Boomers
26983,United States,1996,male,25-34 years,4848,20191300,24.01,"8,100,201,000,000",32928,Generation X
26984,United States,1996,male,15-24 years,3724,18617800,20.0,"8,100,201,000,000",32928,Generation X
26985,United States,1996,female,35-54 years,2594,38357900,6.76,"8,100,201,000,000",32928,Boomers
26986,United States,1996,female,55-74 years,1118,21540200,5.19,"8,100,201,000,000",32928,Silent
26987,United States,1996,female,25-34 years,1013,20176900,5.02,"8,100,201,000,000",32928,Generation X
26988,United States,1996,female,75+ years,463,9635400,4.81,"8,100,201,000,000",32928,G.I. Generation
26989,United States,1996,female,15-24 years,634,17604000,3.6,"8,100,201,000,000",32928,Generation X
26990,United States,1996,male,5-14 years,225,19681500,1.14,"8,100,201,000,000",32928,Millenials
26991,United States,1996,female,5-14 years,77,18740800,0.41,"8,100,201,000,000",32928,Millenials
26992,United States,1997,male,75+ years,2566,5740700,44.7,"8,608,515,000,000",34644,G.I. Generation
26993,United States,1997,male,55-74 years,4514,18659400,24.19,"8,608,515,000,000",34644,Silent
26994,United States,1997,male,25-34 years,4684,19810400,23.64,"8,608,515,000,000",34644,Generation X
26995,United States,1997,male,35-54 years,8920,38339600,23.27,"8,608,515,000,000",34644,Boomers
26996,United States,1997,male,15-24 years,3559,18805800,18.93,"8,608,515,000,000",34644,Generation X
26997,United States,1997,female,35-54 years,2758,39291000,7.02,"8,608,515,000,000",34644,Boomers
26998,United States,1997,female,75+ years,499,9836300,5.07,"8,608,515,000,000",34644,G.I. Generation
26999,United States,1997,female,55-74 years,1095,21652100,5.06,"8,608,515,000,000",34644,Silent
27000,United States,1997,female,25-34 years,988,19799100,4.99,"8,608,515,000,000",34644,Generation X
27001,United States,1997,female,15-24 years,627,17773900,3.53,"8,608,515,000,000",34644,Generation X
27002,United States,1997,male,5-14 years,233,19860900,1.17,"8,608,515,000,000",34644,Millenials
27003,United States,1997,female,5-14 years,74,18917200,0.39,"8,608,515,000,000",34644,Millenials
27004,United States,1998,male,75+ years,2686,5948900,45.15,"9,089,168,000,000",36164,G.I. Generation
27005,United States,1998,male,35-54 years,9192,39000700,23.57,"9,089,168,000,000",36164,Boomers
27006,United States,1998,male,55-74 years,4466,19055300,23.44,"9,089,168,000,000",36164,Silent
27007,United States,1998,male,25-34 years,4404,19253800,22.87,"9,089,168,000,000",36164,Generation X
27008,United States,1998,male,15-24 years,3532,19041700,18.55,"9,089,168,000,000",36164,Generation X
27009,United States,1998,female,35-54 years,2776,40104100,6.92,"9,089,168,000,000",36164,Boomers
27010,United States,1998,female,75+ years,520,10057000,5.17,"9,089,168,000,000",36164,G.I. Generation
27011,United States,1998,female,55-74 years,1094,22016000,4.97,"9,089,168,000,000",36164,Silent
27012,United States,1998,female,25-34 years,961,19520600,4.92,"9,089,168,000,000",36164,Generation X
27013,United States,1998,female,15-24 years,603,18171800,3.32,"9,089,168,000,000",36164,Generation X
27014,United States,1998,male,5-14 years,241,20049800,1.2,"9,089,168,000,000",36164,Millenials
27015,United States,1998,female,5-14 years,83,19112800,0.43,"9,089,168,000,000",36164,Millenials
27016,United States,1999,male,75+ years,2549,6111376,41.71,"9,660,624,000,000",38072,G.I. Generation
27017,United States,1999,male,35-54 years,8873,39753404,22.32,"9,660,624,000,000",38072,Boomers
27018,United States,1999,male,25-34 years,4194,18826288,22.28,"9,660,624,000,000",38072,Generation X
27019,United States,1999,male,55-74 years,4306,19349103,22.25,"9,660,624,000,000",38072,Silent
27020,United States,1999,male,15-24 years,3326,19334049,17.2,"9,660,624,000,000",38072,Generation X
27021,United States,1999,female,35-54 years,2674,40861603,6.54,"9,660,624,000,000",38072,Boomers
27022,United States,1999,female,25-34 years,912,19109524,4.77,"9,660,624,000,000",38072,Generation X
27023,United States,1999,female,55-74 years,1061,22258230,4.77,"9,660,624,000,000",38072,Silent
27024,United States,1999,female,75+ years,469,10210401,4.59,"9,660,624,000,000",38072,G.I. Generation
27025,United States,1999,female,15-24 years,575,18439463,3.12,"9,660,624,000,000",38072,Generation X
27026,United States,1999,male,5-14 years,194,20219664,0.96,"9,660,624,000,000",38072,Millenials
27027,United States,1999,female,5-14 years,50,19275566,0.26,"9,660,624,000,000",38072,Millenials
27028,United States,2000,male,75+ years,2589,6106351,42.4,"10,284,779,000,000",39218,G.I. Generation
27029,United States,2000,male,35-54 years,9263,40945028,22.62,"10,284,779,000,000",39218,Boomers
27030,United States,2000,male,55-74 years,4153,19948630,20.82,"10,284,779,000,000",39218,Silent
27031,United States,2000,male,25-34 years,3938,20120529,19.57,"10,284,779,000,000",39218,Generation X
27032,United States,2000,male,15-24 years,3424,20078818,17.05,"10,284,779,000,000",39218,Generation X
27033,United States,2000,female,35-54 years,2736,41881451,6.53,"10,284,779,000,000",39218,Boomers
27034,United States,2000,female,55-74 years,1084,22717040,4.77,"10,284,779,000,000",39218,Silent
27035,United States,2000,female,25-34 years,854,19771195,4.32,"10,284,779,000,000",39218,Generation X
27036,United States,2000,female,75+ years,425,10494416,4.05,"10,284,779,000,000",39218,G.I. Generation
27037,United States,2000,female,15-24 years,570,19105073,2.98,"10,284,779,000,000",39218,Generation X
27038,United States,2000,male,5-14 years,244,21043474,1.16,"10,284,779,000,000",39218,Millenials
27039,United States,2000,female,5-14 years,63,20034103,0.31,"10,284,779,000,000",39218,Millenials
27040,United States,2001,male,75+ years,2549,6285825,40.55,"10,621,824,000,000",40018,Silent
27041,United States,2001,male,35-54 years,9684,41638996,23.26,"10,621,824,000,000",40018,Boomers
27042,United States,2001,male,55-74 years,4603,20451417,22.51,"10,621,824,000,000",40018,Silent
27043,United States,2001,male,25-34 years,4199,20013572,20.98,"10,621,824,000,000",40018,Generation X
27044,United States,2001,male,15-24 years,3409,20485156,16.64,"10,621,824,000,000",40018,Millenials
27045,United States,2001,female,35-54 years,2893,42567863,6.8,"10,621,824,000,000",40018,Boomers
27046,United States,2001,female,55-74 years,1146,23170384,4.95,"10,621,824,000,000",40018,Silent
27047,United States,2001,female,25-34 years,871,19593734,4.45,"10,621,824,000,000",40018,Generation X
27048,United States,2001,female,75+ years,412,10691894,3.85,"10,621,824,000,000",40018,Silent
27049,United States,2001,female,15-24 years,562,19463211,2.89,"10,621,824,000,000",40018,Millenials
27050,United States,2001,male,5-14 years,214,21032860,1.02,"10,621,824,000,000",40018,Millenials
27051,United States,2001,female,5-14 years,65,20032634,0.32,"10,621,824,000,000",40018,Millenials
27052,United States,2002,male,75+ years,2642,6470864,40.83,"10,977,514,000,000",40845,Silent
27053,United States,2002,male,35-54 years,10101,42042827,24.03,"10,977,514,000,000",40845,Boomers
27054,United States,2002,male,55-74 years,4890,21085316,23.19,"10,977,514,000,000",40845,Silent
27055,United States,2002,male,25-34 years,4135,20202776,20.47,"10,977,514,000,000",40845,Generation X
27056,United States,2002,male,15-24 years,3432,20821269,16.48,"10,977,514,000,000",40845,Millenials
27057,United States,2002,female,35-54 years,3058,42957716,7.12,"10,977,514,000,000",40845,Boomers
27058,United States,2002,female,55-74 years,1191,23790625,5.01,"10,977,514,000,000",40845,Silent
27059,United States,2002,female,25-34 years,911,19725528,4.62,"10,977,514,000,000",40845,Generation X
27060,United States,2002,female,75+ years,443,10856838,4.08,"10,977,514,000,000",40845,Silent
27061,United States,2002,female,15-24 years,578,19768514,2.92,"10,977,514,000,000",40845,Millenials
27062,United States,2002,male,5-14 years,199,21012559,0.95,"10,977,514,000,000",40845,Millenials
27063,United States,2002,female,5-14 years,65,20024727,0.32,"10,977,514,000,000",40845,Millenials
27064,United States,2003,male,75+ years,2499,6599131,37.87,"11,510,670,000,000",42468,Silent
27065,United States,2003,male,35-54 years,10025,42177315,23.77,"11,510,670,000,000",42468,Boomers
27066,United States,2003,male,55-74 years,4941,21773685,22.69,"11,510,670,000,000",42468,Silent
27067,United States,2003,male,25-34 years,4156,20222486,20.55,"11,510,670,000,000",42468,Generation X
27068,United States,2003,male,15-24 years,3381,21182602,15.96,"11,510,670,000,000",42468,Millenials
27069,United States,2003,female,35-54 years,3058,42997878,7.11,"11,510,670,000,000",42468,Boomers
27070,United States,2003,female,55-74 years,1237,24463095,5.06,"11,510,670,000,000",42468,Silent
27071,United States,2003,female,25-34 years,909,19650112,4.63,"11,510,670,000,000",42468,Generation X
27072,United States,2003,female,75+ years,414,10983008,3.77,"11,510,670,000,000",42468,Silent
27073,United States,2003,female,15-24 years,607,20023561,3.03,"11,510,670,000,000",42468,Millenials
27074,United States,2003,male,5-14 years,194,20976656,0.92,"11,510,670,000,000",42468,Millenials
27075,United States,2003,female,5-14 years,56,19991981,0.28,"11,510,670,000,000",42468,Millenials
27076,United States,2004,male,75+ years,2496,6726102,37.11,"12,274,928,000,000",44867,Silent
27077,United States,2004,male,35-54 years,10145,42486552,23.88,"12,274,928,000,000",44867,Boomers
27078,United States,2004,male,55-74 years,4989,22427063,22.25,"12,274,928,000,000",44867,Silent
27079,United States,2004,male,25-34 years,4142,20336031,20.37,"12,274,928,000,000",44867,Generation X
27080,United States,2004,male,15-24 years,3596,21438383,16.77,"12,274,928,000,000",44867,Millenials
27081,United States,2004,female,35-54 years,3399,43240905,7.86,"12,274,928,000,000",44867,Boomers
27082,United States,2004,female,55-74 years,1301,25115333,5.18,"12,274,928,000,000",44867,Silent
27083,United States,2004,female,25-34 years,932,19695906,4.73,"12,274,928,000,000",44867,Generation X
27084,United States,2004,female,75+ years,423,11104411,3.81,"12,274,928,000,000",44867,Silent
27085,United States,2004,female,15-24 years,720,20262722,3.55,"12,274,928,000,000",44867,Millenials
27086,United States,2004,male,5-14 years,187,20860278,0.9,"12,274,928,000,000",44867,Millenials
27087,United States,2004,female,5-14 years,98,19890450,0.49,"12,274,928,000,000",44867,Millenials
27088,United States,2005,male,75+ years,2610,6883241,37.92,"13,093,726,000,000",47423,Silent
27089,United States,2005,male,35-54 years,10332,42835394,24.12,"13,093,726,000,000",47423,Boomers
27090,United States,2005,male,55-74 years,5190,23156114,22.41,"13,093,726,000,000",47423,Silent
27091,United States,2005,male,25-34 years,4066,20421260,19.91,"13,093,726,000,000",47423,Generation X
27092,United States,2005,male,15-24 years,3498,21647159,16.16,"13,093,726,000,000",47423,Millenials
27093,United States,2005,female,35-54 years,3209,43509335,7.38,"13,093,726,000,000",47423,Boomers
27094,United States,2005,female,55-74 years,1364,25839240,5.28,"13,093,726,000,000",47423,Silent
27095,United States,2005,female,25-34 years,924,19721652,4.69,"13,093,726,000,000",47423,Generation X
27096,United States,2005,female,75+ years,450,11267059,3.99,"13,093,726,000,000",47423,Silent
27097,United States,2005,female,15-24 years,714,20429690,3.49,"13,093,726,000,000",47423,Millenials
27098,United States,2005,male,5-14 years,204,20675232,0.99,"13,093,726,000,000",47423,Millenials
27099,United States,2005,female,5-14 years,68,19721304,0.34,"13,093,726,000,000",47423,Millenials
27100,United States,2006,male,75+ years,2494,6986609,35.7,"13,855,888,000,000",49666,Silent
27101,United States,2006,male,35-54 years,10641,43139910,24.67,"13,855,888,000,000",49666,Boomers
27102,United States,2006,male,55-74 years,5431,23894147,22.73,"13,855,888,000,000",49666,Silent
27103,United States,2006,male,25-34 years,4053,20564653,19.71,"13,855,888,000,000",49666,Generation X
27104,United States,2006,male,15-24 years,3528,21844954,16.15,"13,855,888,000,000",49666,Millenials
27105,United States,2006,female,35-54 years,3376,43805214,7.71,"13,855,888,000,000",49666,Boomers
27106,United States,2006,female,55-74 years,1536,26609380,5.77,"13,855,888,000,000",49666,Silent
27107,United States,2006,female,25-34 years,932,19851326,4.69,"13,855,888,000,000",49666,Generation X
27108,United States,2006,female,75+ years,421,11356899,3.71,"13,855,888,000,000",49666,Silent
27109,United States,2006,female,15-24 years,661,20590472,3.21,"13,855,888,000,000",49666,Millenials
27110,United States,2006,male,5-14 years,153,20640120,0.74,"13,855,888,000,000",49666,Millenials
27111,United States,2006,female,5-14 years,66,19697164,0.34,"13,855,888,000,000",49666,Millenials
27112,United States,2007,male,75+ years,2566,7056824,36.36,"14,477,635,000,000",51585,Silent
27113,United States,2007,male,35-54 years,10978,42992076,25.53,"14,477,635,000,000",51585,Boomers
27114,United States,2007,male,55-74 years,5830,24661084,23.64,"14,477,635,000,000",51585,Silent
27115,United States,2007,male,25-34 years,4281,20531378,20.85,"14,477,635,000,000",51585,Generation X
27116,United States,2007,male,15-24 years,3481,22014323,15.81,"14,477,635,000,000",51585,Millenials
27117,United States,2007,female,35-54 years,3525,43607902,8.08,"14,477,635,000,000",51585,Boomers
27118,United States,2007,female,55-74 years,1684,27395858,6.15,"14,477,635,000,000",51585,Silent
27119,United States,2007,female,25-34 years,997,19839678,5.03,"14,477,635,000,000",51585,Generation X
27120,United States,2007,female,75+ years,411,11421017,3.6,"14,477,635,000,000",51585,Silent
27121,United States,2007,female,15-24 years,659,20765167,3.17,"14,477,635,000,000",51585,Millenials
27122,United States,2007,male,5-14 years,131,20659096,0.63,"14,477,635,000,000",51585,Generation Z
27123,United States,2007,female,5-14 years,53,19714203,0.27,"14,477,635,000,000",51585,Generation Z
27124,United States,2008,male,75+ years,2531,7072366,35.79,"14,718,582,000,000",52128,Silent
27125,United States,2008,male,35-54 years,11371,43002471,26.44,"14,718,582,000,000",52128,Boomers
27126,United States,2008,male,55-74 years,6558,25698503,25.52,"14,718,582,000,000",52128,Silent
27127,United States,2008,male,25-34 years,4273,20007152,21.36,"14,718,582,000,000",52128,Generation X
27128,United States,2008,male,15-24 years,3560,22184611,16.05,"14,718,582,000,000",52128,Millenials
27129,United States,2008,female,35-54 years,3619,42893858,8.44,"14,718,582,000,000",52128,Boomers
27130,United States,2008,female,55-74 years,1703,28307998,6.02,"14,718,582,000,000",52128,Silent
27131,United States,2008,female,25-34 years,1027,19812423,5.18,"14,718,582,000,000",52128,Generation X
27132,United States,2008,female,75+ years,428,11038522,3.88,"14,718,582,000,000",52128,Silent
27133,United States,2008,female,15-24 years,738,21149435,3.49,"14,718,582,000,000",52128,Millenials
27134,United States,2008,male,5-14 years,154,21074651,0.73,"14,718,582,000,000",52128,Generation Z
27135,United States,2008,female,5-14 years,68,20113575,0.34,"14,718,582,000,000",52128,Generation Z
27136,United States,2009,male,75+ years,2552,7168575,35.6,"14,418,739,000,000",50563,Silent
27137,United States,2009,male,35-54 years,11613,42932194,27.05,"14,418,739,000,000",50563,Boomers
27138,United States,2009,male,55-74 years,6851,26664733,25.69,"14,418,739,000,000",50563,Silent
27139,United States,2009,male,25-34 years,4293,20205941,21.25,"14,418,739,000,000",50563,Generation X
27140,United States,2009,male,15-24 years,3595,22343137,16.09,"14,418,739,000,000",50563,Millenials
27141,United States,2009,female,35-54 years,3664,42836835,8.55,"14,418,739,000,000",50563,Boomers
27142,United States,2009,female,55-74 years,1875,29296258,6.4,"14,418,739,000,000",50563,Silent
27143,United States,2009,female,25-34 years,1027,19992900,5.14,"14,418,739,000,000",50563,Generation X
27144,United States,2009,female,15-24 years,776,21299140,3.64,"14,418,739,000,000",50563,Millenials
27145,United States,2009,female,75+ years,389,11101144,3.5,"14,418,739,000,000",50563,Silent
27146,United States,2009,male,5-14 years,175,21139852,0.83,"14,418,739,000,000",50563,Generation Z
27147,United States,2009,female,5-14 years,90,20181953,0.45,"14,418,739,000,000",50563,Generation Z
27148,United States,2010,male,75+ years,2617,7263596,36.03,"14,964,372,000,000",51989,Silent
27149,United States,2010,male,35-54 years,11767,42798501,27.49,"14,964,372,000,000",51989,Generation X
27150,United States,2010,male,55-74 years,7287,27667895,26.34,"14,964,372,000,000",51989,Silent
27151,United States,2010,male,25-34 years,4645,20409866,22.76,"14,964,372,000,000",51989,Generation X
27152,United States,2010,male,15-24 years,3772,22463069,16.79,"14,964,372,000,000",51989,Millenials
27153,United States,2010,female,35-54 years,3604,42711237,8.44,"14,964,372,000,000",51989,Generation X
27154,United States,2010,female,55-74 years,2071,30326595,6.83,"14,964,372,000,000",51989,Silent
27155,United States,2010,female,25-34 years,1092,20180858,5.41,"14,964,372,000,000",51989,Generation X
27156,United States,2010,female,15-24 years,830,21395712,3.88,"14,964,372,000,000",51989,Millenials
27157,United States,2010,female,75+ years,403,11163521,3.61,"14,964,372,000,000",51989,Silent
27158,United States,2010,male,5-14 years,187,21207667,0.88,"14,964,372,000,000",51989,Generation Z
27159,United States,2010,female,5-14 years,87,20250632,0.43,"14,964,372,000,000",51989,Generation Z
27160,United States,2011,male,75+ years,2721,7448796,36.53,"15,517,926,000,000",53452,Silent
27161,United States,2011,male,35-54 years,11681,42566273,27.44,"15,517,926,000,000",53452,Generation X
27162,United States,2011,male,55-74 years,7572,28556351,26.52,"15,517,926,000,000",53452,Boomers
27163,United States,2011,male,25-34 years,4862,20698307,23.49,"15,517,926,000,000",53452,Millenials
27164,United States,2011,male,15-24 years,3959,22622559,17.5,"15,517,926,000,000",53452,Millenials
27165,United States,2011,female,35-54 years,3776,42485156,8.89,"15,517,926,000,000",53452,Generation X
27166,United States,2011,female,55-74 years,2128,31268702,6.81,"15,517,926,000,000",53452,Boomers
27167,United States,2011,female,25-34 years,1238,20408037,6.07,"15,517,926,000,000",53452,Millenials
27168,United States,2011,female,15-24 years,863,21552069,4.0,"15,517,926,000,000",53452,Millenials
27169,United States,2011,female,75+ years,421,11270969,3.74,"15,517,926,000,000",53452,Silent
27170,United States,2011,male,5-14 years,201,21185153,0.95,"15,517,926,000,000",53452,Generation Z
27171,United States,2011,female,5-14 years,86,20251453,0.42,"15,517,926,000,000",53452,Generation Z
27172,United States,2012,male,75+ years,2853,7633574,37.37,"16,155,255,000,000",55170,Silent
27173,United States,2012,male,35-54 years,11763,42326226,27.79,"16,155,255,000,000",55170,Generation X
27174,United States,2012,male,55-74 years,8032,29473157,27.25,"16,155,255,000,000",55170,Boomers
27175,United States,2012,male,25-34 years,4985,21028158,23.71,"16,155,255,000,000",55170,Millenials
27176,United States,2012,male,15-24 years,3918,22713083,17.25,"16,155,255,000,000",55170,Millenials
27177,United States,2012,female,35-54 years,3857,42238495,9.13,"16,155,255,000,000",55170,Generation X
27178,United States,2012,female,55-74 years,2264,32244829,7.02,"16,155,255,000,000",55170,Boomers
27179,United States,2012,female,25-34 years,1231,20667924,5.96,"16,155,255,000,000",55170,Millenials
27180,United States,2012,female,15-24 years,954,21653970,4.41,"16,155,255,000,000",55170,Millenials
27181,United States,2012,female,75+ years,428,11375645,3.76,"16,155,255,000,000",55170,Silent
27182,United States,2012,male,5-14 years,226,21198150,1.07,"16,155,255,000,000",55170,Generation Z
27183,United States,2012,female,5-14 years,85,20273917,0.42,"16,155,255,000,000",55170,Generation Z
27184,United States,2013,male,75+ years,2990,7816638,38.25,"16,691,517,000,000",56520,Silent
27185,United States,2013,male,55-74 years,8445,30405404,27.77,"16,691,517,000,000",56520,Boomers
27186,United States,2013,male,35-54 years,11396,42085688,27.08,"16,691,517,000,000",56520,Generation X
27187,United States,2013,male,25-34 years,5063,21386891,23.67,"16,691,517,000,000",56520,Millenials
27188,United States,2013,male,15-24 years,3903,22735631,17.17,"16,691,517,000,000",56520,Millenials
27189,United States,2013,female,35-54 years,3776,41983845,8.99,"16,691,517,000,000",56520,Generation X
27190,United States,2013,female,55-74 years,2484,33229667,7.48,"16,691,517,000,000",56520,Boomers
27191,United States,2013,female,25-34 years,1285,20951958,6.13,"16,691,517,000,000",56520,Millenials
27192,United States,2013,female,15-24 years,975,21698877,4.49,"16,691,517,000,000",56520,Millenials
27193,United States,2013,female,75+ years,431,11486590,3.75,"16,691,517,000,000",56520,Silent
27194,United States,2013,male,5-14 years,252,21233001,1.19,"16,691,517,000,000",56520,Generation Z
27195,United States,2013,female,5-14 years,143,20308672,0.7,"16,691,517,000,000",56520,Generation Z
27196,United States,2014,male,75+ years,3106,7994948,38.85,"17,427,609,000,000",58531,Silent
27197,United States,2014,male,55-74 years,8961,31339875,28.59,"17,427,609,000,000",58531,Boomers
27198,United States,2014,male,35-54 years,11455,41858354,27.37,"17,427,609,000,000",58531,Generation X
27199,United States,2014,male,25-34 years,5222,21760455,24.0,"17,427,609,000,000",58531,Millenials
27200,United States,2014,male,15-24 years,4089,22700273,18.01,"17,427,609,000,000",58531,Millenials
27201,United States,2014,female,35-54 years,4018,41742299,9.63,"17,427,609,000,000",58531,Generation X
27202,United States,2014,female,55-74 years,2676,34193742,7.83,"17,427,609,000,000",58531,Boomers
27203,United States,2014,female,25-34 years,1347,21250636,6.34,"17,427,609,000,000",58531,Millenials
27204,United States,2014,female,15-24 years,990,21691057,4.56,"17,427,609,000,000",58531,Millenials
27205,United States,2014,female,75+ years,477,11616299,4.11,"17,427,609,000,000",58531,Silent
27206,United States,2014,male,5-14 years,277,21264881,1.3,"17,427,609,000,000",58531,Generation Z
27207,United States,2014,female,5-14 years,151,20336916,0.74,"17,427,609,000,000",58531,Generation Z
27208,United States,2015,male,75+ years,3171,8171136,38.81,"18,120,714,000,000",60387,Silent
27209,United States,2015,male,55-74 years,9068,32264697,28.11,"18,120,714,000,000",60387,Boomers
27210,United States,2015,male,35-54 years,11634,41658010,27.93,"18,120,714,000,000",60387,Generation X
27211,United States,2015,male,25-34 years,5503,22137097,24.86,"18,120,714,000,000",60387,Millenials
27212,United States,2015,male,15-24 years,4359,22615073,19.27,"18,120,714,000,000",60387,Millenials
27213,United States,2015,female,35-54 years,4053,41531809,9.76,"18,120,714,000,000",60387,Generation X
27214,United States,2015,female,55-74 years,2872,35115610,8.18,"18,120,714,000,000",60387,Boomers
27215,United States,2015,female,25-34 years,1444,21555712,6.7,"18,120,714,000,000",60387,Millenials
27216,United States,2015,female,15-24 years,1132,21633813,5.23,"18,120,714,000,000",60387,Millenials
27217,United States,2015,female,75+ years,540,11778666,4.58,"18,120,714,000,000",60387,Silent
27218,United States,2015,male,5-14 years,255,21273987,1.2,"18,120,714,000,000",60387,Generation Z
27219,United States,2015,female,5-14 years,158,20342901,0.78,"18,120,714,000,000",60387,Generation Z
